wave,data
200.1119995,-0.03524069488
200.3113098,0.02111287974
200.5106506,0.006165150553
200.7100067,0.01155768614
200.9093781,0.07261002064
201.1087646,-0.05845067278
201.3081818,-0.04069630057
201.5076294,-0.05655855313
201.707077,-0.04958925396
201.9065552,-0.07910628617
202.1060486,0.147001788
202.3055725,-0.01426972169
202.5051117,0.007868056186
202.7046661,0.01565727405
202.9042511,-0.048990082
203.1038513,-0.04782327637
203.3034668,-0.02663155645
203.5031128,-0.06838428974
203.702774,0.05066145211
203.9024506,-0.04933696985
204.1021576,0.01736018062
204.3018799,-0.08109301329
204.5016174,-0.0361552164
204.7013702,-0.05091373622
204.9011536,-0.07295690477
205.1009674,-0.0002365147229
205.3007813,-0.01430125628
205.5006256,-0.05037763342
205.7005005,-0.03158259764
205.9003754,-0.03817347437
206.1002808,-0.04498510063
206.3002167,0.04801248759
206.5001526,0.043818295
206.700119,-0.0324655883
206.900116,-0.03552450985
207.1001129,-0.03628135845
207.3001404,-0.03208716214
207.5001984,-0.04924236611
207.7002563,-0.06040585786
207.9003448,0.02344649285
208.1004486,0.04072783515
208.3005829,-0.05599091947
208.5007324,0.04990460724
208.7008972,-0.06248718873
208.9010925,-0.01896847971
209.1013031,-0.02546475083
209.3015289,-0.03085728735
209.5017853,-0.02899670415
209.7020569,0.02574856952
209.9023438,0.009255609475
210.1026611,-0.06718594581
210.3029785,-0.01833777502
210.5033417,-0.03095189296
210.7037048,-0.01644565724
210.9040985,0.007615773939
211.1045074,-0.007016603369
211.3049469,0.07005565614
211.5054016,-0.009728638455
211.7058716,-0.0633386448
211.9063568,0.01950458065
212.1068726,-0.01871619746
212.3074036,-0.03249712288
212.5079651,0.05028302968
212.7085419,-0.0556755662
212.9091339,-0.008214944974
213.1097412,-0.01783321053
213.310379,-0.0516705811
213.5110321,0.007205815054
213.7117157,-0.03719587997
213.9123993,0.007741915062
214.1131134,-0.02142823301
214.313858,0.06214030087
214.5146027,-0.05734693632
214.7153778,-0.02300499752
214.9161835,-0.009980920702
215.1169891,-0.05510792881
215.3178253,0.002349379472
215.518692,-0.04470128193
215.7195587,-0.03183488175
215.9204559,-0.02805064619
216.1213837,-0.04485895857
216.3223114,-0.01007552724
216.5232697,-0.0334116444
216.7242432,-0.0004257264955
216.9252472,0.04605729878
217.1262665,0.0008356853505
217.327301,-0.06308636069
217.5283508,-0.0186531283
217.7294312,0.1112092212
217.9305267,0.01452200394
218.1316528,-0.02007221617
218.3327789,-0.03117264062
218.5339355,-0.05911291391
218.7351227,-0.03852036223
218.9363098,-0.05208054185
219.1375275,0.02745147422
219.3387756,-0.006985067856
219.5400238,-0.06674445421
219.7413025,-0.05523407087
219.9425964,0.01493196283
220.1439209,-0.006953532808
220.3452606,-0.02634773962
220.5466156,-0.01578341611
220.7479858,-0.003894608933
220.9493866,-0.01859005727
221.1508026,-0.0004257264955
221.3522491,-0.06299175322
221.5536957,-0.06658677757
221.755188,-0.06119424105
221.9566803,-0.08658015728
222.1582031,-0.03795272857
222.359726,-0.06201415882
222.5612946,0.01997761056
222.7628632,0.04214692116
222.9644623,-0.03725895286
223.1660767,-0.02436101623
223.3677216,-0.05103987455
223.5693817,-0.007962661795
223.7710571,-0.0766780749
223.9727478,-0.01111619174
224.174469,-0.04810709506
224.3762054,-0.04362908006
224.5779572,0.005723656155
224.7797394,0.01162075624
224.9815369,0.02268964611
225.1833496,-0.05785150081
225.3851929,-0.03811040521
225.5870514,-0.03486226872
225.7889252,0.01064316276
225.9908142,-0.0186531283
226.1927338,-0.001718673622
226.3946686,-0.069708772
226.5966187,-0.05677929893
226.7985992,0.04466974735
227.0005951,-0.06841582805
227.2026062,0.06844735891
227.4046478,0.003579256125
227.6067047,-0.04224152863
227.8087769,-0.03328550607
228.0108643,0.01521578059
228.2129822,0.03833115101
228.4151154,-0.05252203345
228.6172791,-0.06775358319
228.8194427,-0.06245565414
229.021637,-0.06381167471
229.2238617,-0.0388357155
229.4260864,0.003516185563
229.6283417,-0.03451538086
229.8306122,-0.07790794969
230.0329132,-0.07453367114
230.2352142,0.005313697271
230.437561,-0.02007221617
230.6399078,-0.04854858667
230.8422852,-0.02344649285
231.0446625,-0.02117595077
231.2470856,-0.02117595077
231.4495087,-0.0423045978
231.6519623,-0.06892038882
231.8544312,0.06526229531
232.0569305,-0.007142744493
232.2594299,0.01310291514
232.4619598,-0.06756436825
232.6645203,-0.02174358629
232.8670807,-0.01054855622
233.0696716,-0.06910960376
233.2722778,-0.05810378119
233.4749146,-0.03202409297
233.6775665,-0.0536573045
233.8802338,-0.02590624616
234.0829163,-0.01505810395
234.2856293,-0.05182825774
234.4883575,0.1336623579
234.6911011,-0.0361552164
234.8938599,-0.0138282273
235.0966492,-0.04205231741
235.2994537,0.02382491529
235.5022736,-0.03924567625
235.7051239,-0.07308305055
235.9079895,-0.01439586282
236.1108704,-0.01682407968
236.3137817,0.0003941911855
236.5167084,-0.0308257509
236.7196503,-0.02994276397
236.9226074,-0.0346730575
237.1255951,-0.03129878268
237.328598,-0.005629050545
237.5316162,-0.05747307837
237.7346649,0.08916605264
237.9377136,-0.025180934
238.1408081,0.02041910402
238.3439026,-0.01732864417
238.5470276,-0.04075936973
238.7501678,-0.07279922813
238.9533234,0.05936519429
239.1564941,-0.009444820695
239.3596954,-0.05135522783
239.562912,-0.01972532831
239.7661591,-0.01556266844
239.9694061,-0.07213699073
240.1726837,0.07891707867
240.3759766,-0.03732202202
240.5792999,-0.02527553961
240.7826385,0.04731871188
240.9859924,-0.03183488175
241.1893616,-0.043818295
241.3927612,0.005565979518
241.5961761,-0.04176849872
241.7996063,0.03647056967
242.0030518,-0.04511123896
242.2065277,-0.0319294855
242.4100189,-0.07995774597
242.6135254,-0.02707305178
242.8170624,-0.0521751456
243.0206146,-0.00288547948
243.2241821,-0.02347802743
243.4277649,-0.05756768212
243.6313782,0.06043739617
243.8350067,-0.04769713432
244.0386505,-0.04296683893
244.2423248,0.01584648527
244.4460144,-0.06999258697
244.6497192,0.03325396776
244.8534393,0.007016603369
245.0571899,0.03940335289
245.2609558,-0.03852036223
245.4647369,0.01385976281
245.6685333,-0.0276406873
245.8723602,-0.001560997101
246.0762024,0.01754939184
246.2800598,0.05078759417
246.4839478,-0.04028633982
246.687851,-0.0766780749
246.8917694,-0.03300168738
247.0957031,-0.008624903858
247.2996674,-0.0677851215
247.5036316,0.0008356853505
247.7076416,0.04820169881
247.9116516,-0.011904574
248.1156921,-0.02357263304
248.3197479,-0.05255357176
248.523819,-0.03174027428
248.7279205,0.05040917173
248.9320221,0.04507970437
249.1361542,-0.04999921098
249.3403168,0.01581495069
249.5444794,-0.05378344655
249.7486725,-0.07005565614
249.9528809,0.007962661795
250.1571198,-0.0590813756
250.3613586,-0.04917929322
250.5656281,-0.02022989281
250.7699127,-0.01203071512
250.9742279,0.03921414167
251.1785583,-0.02388798632
251.3829041,-0.07421831787
251.587265,0.005187556148
251.7916412,0.081786789
251.996048,-0.03183488175
252.20047,-0.03404235095
252.4049225,0.02101827413
252.609375,-0.04498510063
252.813858,0.01682407968
253.0183563,-0.02883902751
253.2228851,-0.0001419088367
253.4274139,-0.05264817551
253.6319733,-0.0287444219
253.8365479,-0.0343892388
254.041153,-0.06072121114
254.2457581,-0.03013197519
254.4503937,-0.04665647075
254.6550446,-0.06466312706
254.859726,0.005755191669
255.0644226,0.01997761056
255.2691345,0.01420665067
255.4738617,-0.05772535875
255.6786041,-0.055896312
255.8833771,-0.07759259641
256.0881653,-0.0492108278
256.2929688,0.01799088717
256.4978027,-0.000110373534
256.7026367,-0.06803739816
256.9075012,-0.03558758274
257.1123962,0.006385897286
257.3172913,-0.01922076195
257.5222168,-0.02773529291
257.7271729,0.0830482021
257.9321289,-0.04028633982
258.1371155,0.01900001615
258.3421021,-0.06239258125
258.5471191,-0.0590813756
258.7521667,-0.07320918888
258.9572144,-0.05838759989
259.1622925,-0.03520915657
259.3674011,0.09254032373
259.5725098,0.01780167408
259.7776489,0.008025732823
259.9827881,0.02969048172
260.1879578,-0.02694690973
260.393158,-0.04312451556
260.5983582,0.03385313973
260.8035889,0.010359345
261.0088501,-0.03877264634
261.2141113,-0.03312782943
261.4194031,-0.006921997294
261.6246948,-0.03278094158
261.8300171,0.03161413595
262.0353699,-0.05945980176
262.2407227,-0.001844814862
262.446106,-0.06920420378
262.6515198,0.0129452385
262.8569336,-0.06365399808
263.0623779,-0.003169297241
263.2678223,-0.05012535304
263.4732971,-0.0008041500696
263.6788025,-0.07636272162
263.8843079,-0.06485233456
264.0898438,-0.03114110418
264.2954102,-0.04047555104
264.5009766,-0.0709701851
264.7065735,-0.05595938116
264.9121704,-0.04709796607
265.1177979,0.03842575848
265.3234558,-0.05495025218
265.5291138,-0.04656186327
265.7348022,-0.02041910402
265.9405212,-0.02294192836
266.1462402,-0.01821163297
266.3519897,-0.03653363883
266.5577393,0.003863073653
266.7635193,-0.007016603369
266.9693298,0.1030415818
267.1751404,-0.01177843288
267.3809814,0.001939420705
267.5868225,-0.07677267492
267.7927246,-0.02477097511
267.9985962,0.04649879411
268.2045288,-0.0598382242
268.4104614,-0.01928383298
268.616394,-0.02887056395
268.8223877,0.06980337948
269.0283508,0.07680421323
269.234375,-0.004777597263
269.4403992,-0.02000914514
269.6464539,-0.0522066839
269.8525085,-0.03826808184
270.0585938,-0.04902161658
270.2647095,-0.04810709506
270.4708252,-0.01896847971
270.6769714,-0.03530376405
270.8831177,-0.02981662191
271.0892944,-0.0257801041
271.2955017,0.1018747762
271.501709,0.02808218077
271.7079468,-0.05321581289
271.9141846,-0.03047886305
272.1204529,-0.02243736386
272.3267517,-0.06072121114
272.5330811,-0.06463158876
272.7394104,-0.03956102952
272.9457397,-0.05662162229
273.1520996,-0.01266142167
273.35849,0.001781744184
273.5649109,-0.05040917173
273.7713318,-0.03205562755
273.9777527,-0.04016019776
274.1842346,-0.04189464077
274.3907166,-0.06327556819
274.5971985,0.0005518677062
274.8037109,-0.06929881126
275.0102539,-0.06005897
275.2167969,-0.07179009914
275.4233704,-0.06557764858
275.6299744,-0.0177701395
275.8365784,-0.07920089364
276.0432129,-0.05558095872
276.2498779,-0.06437930465
276.456543,-0.004336103331
276.663208,0.02240582742
276.8699341,-0.04498510063
277.0766602,0.02029296197
277.2833862,-0.0881569162
277.4901428,-0.04813862965
277.6969299,0.005408303346
277.903717,-0.05457182974
278.1105347,-0.07005565614
278.3173828,-0.01392283291
278.524231,-0.02827139199
278.7311096,-0.07390296459
278.9379883,-0.03025811724
279.1448975,0.00591286784
279.3518372,-0.06475772709
279.5587769,-0.0598382242
279.7657471,-0.01180996839
279.9727478,-0.03265479952
280.1797485,-0.05129215866
280.3867798,-0.034168493
280.593811,0.008025732823
280.8008728,-0.04394443333
281.0079346,-0.008971791714
281.2150269,-0.03293861821
281.4221497,-0.02707305178
281.629303,0.005755191669
281.8364563,-0.04728717729
282.0436096,-0.02186972834
282.2507935,-0.005345232785
282.4580078,0.00827801507
282.6652527,-0.0148058217
282.8724976,-0.005944403354
283.0797424,-0.01606723294
283.2870483,-0.06173034012
283.4943542,-0.006007473916
283.7016602,-0.05454029515
283.9089966,0.01915769279
284.1163635,-0.07358761132
284.3237305,0.03196102381
284.5311279,0.02896516956
284.7385559,-0.02284732275
284.9459839,-0.001182573615
285.1534119,-0.08112455159
285.3609009,-0.01367055066
285.5683899,0.05160751194
285.7758789,-0.02104981057
285.9833984,0.005313697271
286.1909485,-0.02297346294
286.3985291,0.001560997101
286.6061096,-0.04356601089
286.8136902,-0.04835937545
287.0213013,-0.02981662191
287.2289429,0.05116601661
287.436615,-0.03426310048
287.6442871,-0.02294192836
287.8519592,0.03766890988
288.0596619,-0.05409879982
288.267395,-0.011904574
288.4751587,-0.04804402217
288.6829224,0.0408539772
288.890686,-0.0418000333
289.0985107,-0.04315605387
289.3063354,-0.09023825079
289.5141602,0.03133031726
289.7220154,0.02846060507
289.9299011,-0.0291228462
290.1377869,-0.05693697557
290.3457031,-0.02905977517
290.5536499,-0.07106479257
290.7615967,-0.008214944974
290.9695435,0.1164756119
291.1775513,0.09052206576
291.3855591,-0.05722079426
291.5935669,-0.006165150553
291.8016052,-0.06762744486
292.0096741,-0.03754277155
292.2177429,-0.04728717729
292.4258423,-0.05857681111
292.6339722,0.06460005045
292.8421021,-0.02817678638
293.0502625,-0.02398259193
293.2584229,-0.06311789155
293.4666138,0.01423818618
293.6748047,-0.04753945768
293.8830566,0.02262657508
294.0912781,-0.01354440954
294.2995605,-0.01707636192
294.507843,-0.0504722409
294.7161255,-0.02246889845
294.9244385,-0.003326973645
295.132782,-0.07570047677
295.3411255,-0.0477286689
295.5494995,0.002980085555
295.7579041,-0.05277431756
295.9663086,-0.0440390408
296.1747437,0.01303984504
296.3831787,-0.05955440551
296.5916443,0.01543652732
296.8001404,-0.02820832282
297.0086365,-0.02568549849
297.2171326,-0.07614196837
297.4256897,-0.08102994412
297.6342468,-0.05349962786
297.842804,0.04271455854
298.0513916,-0.02174358629
298.2600098,0.03725895286
298.4686584,-0.05050377548
298.6773071,-0.0317087397
298.8859558,-0.07778180391
299.094635,0.02366723865
299.3033447,-0.04571041092
299.5120544,-0.07601583004
299.7207947,0.02871288732
299.9295654,-0.05561249331
300.1383362,-0.01512117404
300.3471375,0.01108465623
300.5559387,-0.0005834029871
300.7647705,-0.06280253828
300.9736023,-0.03104649857
301.1824646,-0.02445562184
301.3913574,-0.0371328108
301.6002502,0.01218839176
301.8091736,-0.003011620836
302.0181274,-0.05097680539
302.2270813,-0.01385976281
302.4360657,-0.07138014585
302.64505,-0.07462827861
302.8540649,-0.05192286521
303.0630798,0.009287144989
303.2721252,-0.01083237398
303.4812012,-0.09657684714
303.6902771,-0.02016682178
303.8993835,-0.05091373622
304.1085205,-0.02631620504
304.3176575,-0.03852036223
304.5267944,-0.05163904652
304.7359619,-0.07469134778
304.9451599,-0.04930543527
305.1543884,-0.08550795168
305.3636169,-0.0331908986
305.5728455,-0.04479588941
305.7821045,-0.03773198277
305.991394,0.01549959835
306.2007141,0.004430708941
306.4100342,-0.04599422961
306.6193542,-0.03019504622
306.8287048,0.0529319942
307.0380859,-0.03599753976
307.247467,-0.04861165956
307.4568787,-0.03908799961
307.6663208,-0.05280585214
307.8757629,-0.03057346866
308.0852356,-0.02470790409
308.2947083,-0.06318096817
308.5042114,-0.02407719754
308.7137146,0.03413695842
308.9232483,-0.05927058682
309.1328125,-0.02164898068
309.3423767,-0.06724901497
309.5519714,0.0167925451
309.7615967,-0.03265479952
309.9712219,-0.07257848233
310.1808472,-0.004746062215
310.3905334,-0.03530376405
310.6001892,-0.05507639423
310.809906,-0.01493196283
311.0196228,-0.02000914514
311.2293396,-0.03407388553
311.4390869,-0.03423156217
311.6488647,-0.02606392279
311.8586426,-0.0714116767
312.0684509,-0.05690544099
312.2782898,-0.0358713977
312.4881287,-0.05744154006
312.697998,-0.08509799838
312.9078674,-0.003484650282
313.1177673,-0.04309298098
313.3276672,-0.04063322768
313.5375977,-0.06258179247
313.7475586,-0.03274940327
313.9575195,0.00591286784
314.167511,-0.06428469718
314.3775024,-0.005408303346
314.5875244,0.01319752168
314.7975769,-0.04057015851
315.0076294,-0.01518424507
315.2177124,-0.02603238635
315.4277954,-0.02010375075
315.6379089,-0.05466643721
315.8480225,-0.07560586929
316.058197,-0.03867803887
316.2683411,-0.07295690477
316.4785156,0.02770375833
316.6887207,-0.04615190625
316.8989563,-0.07160089165
317.1091919,-0.04555273429
317.3194275,-0.05807224661
317.5296936,-0.07611043751
317.7399902,0.04637265205
317.9503174,-0.05290045962
318.160614,-0.01420665067
318.3709717,-0.06217183545
318.5813293,-0.05302660167
318.7917175,0.03952949494
319.0021057,-0.04094858095
319.2125244,0.006007473916
319.4229431,-0.006953532808
319.6333923,-0.0418000333
319.8438721,0.118651554
320.0543518,-0.04060169309
320.2648621,-0.06403242052
320.4753723,-0.03889878839
320.6859131,-0.05372037739
320.8964844,-0.01272449177
321.1070557,-0.04000252113
321.317627,-0.01758092828
321.5282593,-0.00994938612
321.7388611,-0.03590293601
321.9495239,-0.06428469718
322.1601868,0.05879756063
322.3708496,-0.04766559973
322.5815735,-0.05807224661
322.7922668,0.003232367802
323.0030212,-0.07283076644
323.2137756,-0.04564734176
323.42453,-0.001087967656
323.6353149,-0.0261585284
323.8461304,0.0317087397
324.0569458,0.05267971009
324.2677917,-0.004209962208
324.4786377,-0.05797764286
324.6895142,-0.01871619746
324.9004211,0.01701329276
325.1113281,-0.03356932104
325.3222656,-0.03896185756
325.5332031,-0.0324655883
325.7441711,-0.01912615635
325.9551392,-0.07674114406
326.1661377,0.02514939755
326.3771667,-0.01341826841
326.5881958,0.06806893647
326.7992554,0.01695022173
327.0103149,-0.020356033
327.221405,-0.06573532522
327.4324951,-0.04731871188
327.6436157,-0.03659671172
327.8547668,-0.0590813756
328.065918,-0.03470459208
328.2770996,-0.02871288732
328.4883118,0.003043156117
328.6994934,-0.05640087649
328.9107361,-0.02713612281
329.1219788,-0.05066145211
329.333252,-0.0373535566
329.5445251,-0.06084735319
329.7558289,-0.0443228595
329.9671326,-0.01918922737
330.1784668,-0.05132369325
330.3898315,-0.02202740498
330.6011963,0.01761246286
330.8125916,-0.03129878268
331.0239868,-0.05075605959
331.2354126,0.1100739539
331.4468384,0.03300168738
331.6582947,-0.05882909521
331.8697815,-0.06419009715
332.0812683,-0.0556755662
332.2927856,-0.04984153435
332.504303,-0.04167389497
332.7158508,-0.03681745753
332.9273987,-0.01228299737
333.1389771,-0.04943157732
333.3505859,-0.06866810471
333.5621948,-0.03501994535
333.7738342,-0.04265148938
333.9854736,-0.0356506519
334.1971436,-0.06715441495
334.408844,-0.01663486846
334.6205444,-0.03571372107
334.8322449,0.0302265808
335.0439758,0.0201352872
335.2557373,-0.07084403932
335.4674988,-0.02694690973
335.6792908,-0.03561911732
335.8911133,0.03460998833
336.1029358,0.01780167408
336.3147888,-0.03158259764
336.5266418,-0.03801579773
336.7384949,-0.02218507975
336.9504089,0.06945648789
337.162323,-0.02808218077
337.3742371,-0.04280916601
337.5861816,-0.03773198277
337.7981567,-0.07560586929
338.0101318,-0.07412371039
338.2221375,-0.01275602728
338.4341431,-0.04753945768
338.6461792,-0.05066145211
338.8582153,-0.07109632343
339.070282,0.05280585214
339.2823792,-0.04908468947
339.4944763,-0.04470128193
339.706604,-0.01859005727
339.9187317,0.07213699073
340.1308899,-0.03448384628
340.3430786,-0.06261333078
340.5552673,-0.03549297526
340.7674561,0.03539836779
340.9796753,-0.0522066839
341.191925,-0.04186310619
341.4041748,-0.05753614753
341.6164551,-0.04873780161
341.8287659,-0.03129878268
342.0410767,0.007111209445
342.2533875,-0.04394443333
342.4657288,-0.02098673955
342.6781006,-0.01789627969
342.8904724,-0.06582993269
343.1028748,-0.02186972834
343.3152771,-0.0123460684
343.52771,-0.003358508926
343.7401733,0.01363901515
343.9526367,-0.009570962749
344.1651306,-0.06220337003
344.3776245,-0.02931205742
344.5901489,-0.03725895286
344.8026733,-0.06813200563
345.0152283,-0.0376373753
345.2277832,-0.06147805974
345.4403687,-0.01736018062
345.6529846,0.02114441618
345.8656006,-0.04949464649
346.0782471,0.06456851959
346.2908936,0.01111619174
346.5035706,-0.02950126864
346.7162476,-0.06068967655
346.9289551,-0.0445436053
347.1416931,-0.06037432328
347.3544312,-0.03811040521
347.5671997,-0.02748301066
347.7799683,0.01310291514
347.9927673,-0.01603569835
348.2055664,0.00553444447
348.418396,0.01140000951
348.6312561,-0.06608220935
348.8441162,-0.01896847971
349.0569763,-0.009728638455
349.2698669,-0.02619006298
349.4827881,-0.001434855978
349.6957092,-0.05558095872
349.9086609,0.01155768614
350.1216431,-0.01237760391
350.3346252,0.01162075624
350.5476074,0.09818514436
350.7606201,-0.04813862965
350.9736633,-0.01439586282
351.1867065,-0.04224152863
351.3997803,-0.04858012497
351.6128845,-0.05226975307
351.8259583,-0.07355608046
352.039093,-0.04684568197
352.2522278,-0.07478595525
352.4653931,-0.05413033441
352.6785583,-0.04183157161
352.8917236,-0.06513615698
353.10495,0.002759338357
353.3181763,-0.06857349724
353.5314026,-0.04495356604
353.7446594,-0.002664732514
353.9579163,-0.02675769851
354.1712036,-0.06005897
354.3845215,-0.02432948165
354.5978394,-0.01805395633
354.8111877,-0.01433279179
355.0245361,-0.01833777502
355.237915,-0.03464152291
355.4513245,-0.07090711594
355.6647339,-0.01225146279
355.8781433,-0.03949795663
356.0915833,0.002002491383
356.3050537,-0.02555935644
356.5185242,0.1620441228
356.7320251,-0.02918591723
356.9455261,-0.02625313401
357.1590576,-0.01326059178
357.3725891,-0.04747638851
357.5861511,-0.002790873637
357.7997437,0.004903738387
358.0133362,-0.01385976281
358.2269592,-0.003074691398
358.4405823,-0.03896185756
358.6542358,-0.06349632144
358.8678894,-0.01076930389
359.0815735,-0.004525315017
359.2952576,-0.005881332792
359.5089722,-0.07983160019
359.7227173,-0.04006559402
359.9364624,-0.01039087959
360.150238,-0.03123570979
360.3640137,-0.01313445065
360.5778198,0.03729048744
360.791626,-0.07945317775
361.0054626,-0.04608883336
361.2192993,0.0005834029871
361.4331665,-0.000614938268
361.6470642,-0.05501332507
361.8609619,-0.06592453271
362.0748596,-0.06668138504
362.2888184,0.03505147994
362.5027466,-0.04936850443
362.7167358,-0.06239258125
362.9307251,0.04662493616
363.1447144,-0.006133615039
363.3587341,0.004115356132
363.5727539,-0.03672285378
363.7868042,-0.02530707419
364.000885,-0.004714526702
364.2149658,-0.03038425744
364.4290771,0.001308714738
364.6431885,-0.0443228595
364.8573303,0.02155437507
365.0714722,0.06658677757
365.2856445,-0.07727724314
365.4998474,0.01483735628
365.7140503,-0.06084735319
365.9282532,-0.04444899783
366.1424866,0.006322826724
366.3567505,-0.05570710078
366.5710144,-0.0004572617763
366.7853088,-0.03905646503
366.9996033,-0.01121079735
367.2139282,-0.03501994535
367.4282837,-0.06936188042
367.6426392,-0.07144321501
367.8569946,-0.05674776435
368.0713806,-0.01483735628
368.2857971,-0.02155437507
368.5002136,-0.02067138627
368.7146606,-0.04280916601
368.9291077,0.02965894528
369.1435852,0.02322574519
369.3580627,-0.08588638157
369.5725708,-0.03110956959
369.7871094,-0.03006890416
370.0016479,-0.05208054185
370.2161865,-0.04851705208
370.4307556,-0.06885731965
370.6453552,-0.06371706724
370.8599548,-0.01073776837
371.074585,-0.03618675098
371.2892151,0.007268885616
371.5038757,-0.04167389497
371.7185364,0.007647309452
371.9332275,-0.03801579773
372.1479492,-0.03975024074
372.3626709,-0.05930212513
372.5773926,-0.03028965183
372.7921448,-0.02016682178
373.0069275,-0.03577679396
373.2217102,-0.01420665067
373.4365234,-0.04940004274
373.6513367,-0.03801579773
373.8661804,-0.05608552322
374.0810242,0.01726557501
374.2958984,-0.04523738101
374.5108032,0.003421579488
374.725708,-0.0371328108
374.9406128,-0.0635593906
375.1555481,0.04612037167
375.3705139,-0.07724570483
375.5854797,-0.04858012497
375.8004761,-0.02675769851
376.0154724,-0.01017013285
376.2304993,-0.05646394566
376.4455261,-0.0443228595
376.6605835,-0.02931205742
376.8756714,-0.03098342754
377.0907593,-0.06485233456
377.3058472,-0.0423361361
377.5209656,-0.05662162229
377.7361145,-0.04028633982
377.9512634,-0.02145976946
378.1664429,-0.0832689479
378.3816223,0.002002491383
378.5968323,-0.03363239393
378.8120422,-0.01994607411
379.0272827,-0.0400971286
379.2425232,0.002349379472
379.4577942,0.01578341611
379.6730957,-0.0800838843
379.8883972,-0.03539836779
380.1036987,-0.07317765057
380.3190308,-0.06728055328
380.5343933,-0.07103325427
380.7497559,-0.07658346742
380.9651489,0.1220573634
381.180542,-0.02887056395
381.3959656,-0.09124737978
381.6113892,-0.08465649933
381.8268433,-0.04025480524
382.0423279,-0.06557764858
382.2578125,-0.0665237084
382.4732971,-0.06311789155
382.6888123,-0.07276769727
382.9043579,-0.04132700339
383.1199036,-0.06012204289
383.3354797,-0.04495356604
383.5510559,-0.06362245977
383.7666321,0.07939010859
383.9822693,-0.06068967655
384.1979065,-0.04684568197
384.4135437,-0.08260671049
384.6292114,0.02338342182
384.8448792,-0.05693697557
385.0605774,-0.06431623548
385.2763062,-0.03435770422
385.4920349,-0.08490878344
385.7077637,-0.08402579278
385.9235229,-0.09383327514
386.1393127,-0.07005565614
386.3551025,-0.0583560653
386.5709229,-0.04028633982
386.7867432,-0.06810047477
387.002594,0.006575108971
387.2184448,-0.02754608169
387.4343262,0.03274940327
387.6502075,0.02496018633
387.8661194,0.004209962208
388.0820618,-0.03473612666
388.2980042,-0.0709701851
388.5139465,-0.02584317513
388.7299194,-0.04823323339
388.9459229,-0.02792450413
389.1619263,-0.03665978089
389.3779602,-0.05233282223
389.5939941,-0.0447643511
389.8100586,-0.00414689118
390.026123,-0.02801910974
390.242218,-0.06046893075
390.458313,-0.07472288609
390.6744385,-0.002570126671
390.890564,-0.04690875113
391.10672,-0.01940997504
391.3229065,-0.02880749293
391.539093,-0.01180996839
391.7552795,-0.03338010982
391.9714966,-0.02549628727
392.1877441,-0.08396272361
392.4039917,-0.03893032297
392.6202698,-0.06586146355
392.8365479,-0.02256350406
393.0528564,-0.02303653397
393.269165,-0.06214030087
393.4855042,-0.03479919955
393.7018433,-0.07270462811
393.9182129,-0.04192617536
394.1345825,-0.03092035837
394.3509827,0.02439255081
394.5674133,-0.007111209445
394.7838135,-0.03911953419
395.0002747,0.01874773391
395.2167358,-0.03700666875
395.4332275,-0.03334857523
395.6497192,-0.0484855175
395.8662109,-0.01934690401
396.0827332,0.01471121516
396.2992859,-0.06728055328
396.5158386,0.00253859139
396.7324219,-0.05223821849
396.9490051,-0.09881585091
397.1656189,-0.0771195665
397.3822327,-0.03451538086
397.598877,0.05154444277
397.8155518,-0.008971791714
398.032196,-0.06236104667
398.2489014,0.0458050184
398.4656067,-0.07008719444
398.682312,-0.05176518857
398.8990479,-0.05230128765
399.1158142,-0.02697844617
399.3325806,0.01105312165
399.5493774,-0.03952949494
399.7661743,-0.03435770422
399.9829712,-0.0386149697
400.1997986,-0.07863326371
400.4166565,0.002822408918
400.6335144,-0.07850711793
400.8504028,0.01244067401
401.0672913,-0.02871288732
401.2842102,-0.04220999405
401.5011597,-0.02820832282
401.7180786,-0.05151290447
401.9350586,-0.02237429284
402.1520386,-0.0348938033
402.3690186,-0.08755774796
402.5860291,0.009224073961
402.8030701,-0.02675769851
403.0201111,-0.02846060507
403.2371521,-0.08043076843
403.4542236,-0.05491871759
403.6713257,-0.01695022173
403.8884277,-0.05201746896
404.1055298,-0.06923574209
404.3226929,0.01575187966
404.5398254,-0.06409548968
404.7569885,-0.007647309452
404.9741821,-0.07346147299
405.1913757,-0.02571703307
405.4085999,0.02735686861
405.625824,-0.04539505765
405.8430786,-0.06564071774
406.0603638,-0.03552450985
406.2776184,-0.03706974164
406.4949341,-0.01975686289
406.7122498,-0.03442077711
406.9295654,-0.0287444219
407.1469116,-0.05242742971
407.3642883,-0.05290045962
407.581665,-0.09168887138
407.7990417,-0.0637485981
408.016449,-0.02309960499
408.2338867,-0.02984815836
408.4513245,0.02738840505
408.6687622,-0.04280916601
408.8862305,-0.02391952276
409.1037292,-0.05318427831
409.321228,-0.06242411956
409.5387573,0.00250705611
409.7562866,-0.0575992167
409.9738464,0.08862994611
410.1914063,-0.006921997294
410.4089966,-0.01997761056
410.6265869,-0.07942163944
410.8442078,-0.06753283739
411.0618286,-0.01076930389
411.27948,-0.04485895857
411.4971313,0.03180334717
411.7148132,0.01764399745
411.9324951,-0.03088882193
412.1502075,-0.03729048744
412.3679504,-0.07188470662
412.5856934,-0.02959587611
412.8034363,-0.01114772726
413.0212097,-0.05343655869
413.2390137,-0.04889547452
413.4568176,-0.04079090431
413.6746216,-0.05636934191
413.8924561,-0.03420002759
414.110321,-0.03432616964
414.328186,-0.08405733109
414.546051,0.0213336274
414.7639771,-0.06734362245
414.9818726,-0.03952949494
415.1997986,-0.01682407968
415.4177551,-0.01247220952
415.6357117,-0.07749798894
415.8536987,-0.04962078854
416.0716858,-0.06412702054
416.2897034,-0.05324734747
416.5077209,0.009413286112
416.725769,0.006133615039
416.9438171,-0.08235442638
417.1618958,-0.04139007628
417.3799744,-0.003390044207
417.5980835,-0.02019835636
417.8161926,-0.07361914963
418.0343323,-0.06232951209
418.2524719,0.05353116617
418.4706421,-0.02552782185
418.6888428,-0.0650415495
418.9070129,-0.01496349834
419.1252441,-0.05331041664
419.3434753,-0.06267639995
419.5617065,-0.04315605387
419.7799683,0.06264486164
419.9982605,-0.05413033441
420.2165527,-0.000614938268
420.434845,-0.02842906862
420.6531677,-0.0177701395
420.871521,0.01423818618
421.0898743,0.0003311205946
421.3082275,-0.09796439856
421.5266113,-0.01373362169
421.7450256,0.0005203323672
421.9634399,-0.07037100941
422.1818542,-0.03921414167
422.4002991,-0.03404235095
422.6187744,-0.03606061265
422.8372498,-0.02782989852
423.0557556,-0.04671953991
423.2742615,0.01237760391
423.4927673,-0.07122246921
423.7113342,-0.03574525937
423.9298706,-0.07923243195
424.1484375,0.04653032869
424.3670349,0.01953611523
424.5856323,-0.03085728735
424.8042603,-0.07506977022
425.0228882,-0.07125400007
425.2415466,-0.0588606298
425.4602051,-0.05655855313
425.678894,-0.06939341873
425.897583,-0.02959587611
426.1163025,-0.02060831524
426.335022,-0.07866479456
426.553772,-0.05586477742
426.772522,-0.02060831524
426.9913025,-0.03536683321
427.210083,0.002191703068
427.428894,-0.05810378119
427.6477051,-0.02303653397
427.8665466,-0.07973699272
428.0853882,-0.01111619174
428.3042603,0.01493196283
428.5231628,0.004682991654
428.7420349,-0.05182825774
428.960968,0.02114441618
429.1799011,-0.0722315982
429.3988342,-0.06974031031
429.6177979,0.003989215009
429.8367615,-0.06368552893
430.0557556,-0.08803077787
430.2747803,0.009539427236
430.4937744,0.0512290895
430.7128296,-0.01896847971
430.9318848,-0.05006228387
431.1509399,0.007899591699
431.3700256,-0.03451538086
431.5891113,-0.01512117404
431.8082275,-0.0261585284
432.0273743,-0.04170542955
432.246521,-0.009034861811
432.4656677,-0.08424654603
432.684845,-0.08295359462
432.9040527,-0.02864981629
433.12323,-0.04498510063
433.3424683,0.03284401074
433.5617065,-0.08143990487
433.7809448,-0.0475079231
434.0002136,-0.03877264634
434.2195129,-0.06255026162
434.4388123,-0.03779505193
434.6581116,-0.04318758845
434.8774414,-0.01499503292
435.0968018,-0.01877926849
435.3161621,-0.01215685625
435.5355225,-0.06475772709
435.7549133,-0.03927721083
435.9743347,-0.06191955507
436.1937561,-0.04495356604
436.4131775,-0.07775027305
436.6326294,-0.06576685607
436.8520813,-0.04208385199
437.0715637,-0.06100502983
437.2910767,-0.06892038882
437.5105896,0.01149461512
437.7301025,-0.0598382242
437.949646,-0.06217183545
438.16922,-0.0383942239
438.3887939,-0.04902161658
438.6083679,-0.07213699073
438.8279724,-0.0536888428
439.0476074,-0.02748301066
439.2672424,-0.007994197309
439.4868774,-0.01587802172
439.706543,-0.02672616392
439.926239,-0.03754277155
440.1459351,-0.02969048172
440.3656311,-0.003295438364
440.5853577,-0.06314942986
440.8051147,0.0236987751
441.0248718,0.1023478061
441.2446289,-0.05766228959
441.4644165,-0.03549297526
441.6842346,-0.02483404614
441.9040527,-0.02291039191
442.1238708,0.02224815078
442.3437195,0.01906308718
442.5635986,-0.0113054039
442.7834778,-0.06832122058
443.0033569,-0.00465145614
443.2232666,-0.02663155645
443.4431763,-0.05299506336
443.6631165,-0.04507970437
443.8830872,-0.03688052669
444.1030579,-0.06255026162
444.3230286,-0.05980668962
444.5430298,0.006858926732
444.7630615,0.04612037167
444.9830627,-0.06879425049
445.203125,-0.07399757206
445.4231873,-0.0635593906
445.6432495,-0.0851925984
445.8633423,-0.06772204489
446.0834656,-0.05993283167
446.3035583,0.05882909521
446.5237122,-0.01310291514
446.743866,-0.05841913447
446.9640198,-0.06419009715
447.1842041,-0.01884233952
447.4043884,-0.07699342817
447.6246033,0.07661499828
447.8448486,0.1088756099
448.0650635,-0.01281909738
448.2853394,-0.01808549277
448.5056152,0.003989215009
448.7258911,-0.01512117404
448.9461975,-0.03025811724
449.1665039,-0.05794610456
449.3868408,-0.08046230674
449.6071777,0.004588385578
449.8275452,-0.01767553389
450.0479126,-0.08292206377
450.2683105,0.05081912875
450.4887085,-0.01105312165
450.709137,-0.02757761627
450.9295654,-0.0148058217
451.1500244,-0.04028633982
451.3704834,-0.03997098655
451.5909729,-0.01218839176
451.8114624,-0.01720250398
452.0319824,-0.06828968227
452.2525024,0.01912615635
452.473053,-0.0428407006
452.6936035,-0.04198924825
452.9141846,-0.06040585786
453.1347656,0.01310291514
453.3553467,0.01250374503
453.5759888,-0.04596269503
453.7966003,-0.05201746896
454.0172424,0.02335188724
454.237915,-0.04047555104
454.4585876,-0.02376184613
454.6792908,-0.03804733604
454.8999939,-0.036912065
455.120697,0.01978839748
455.3414307,-0.08147143573
455.5621948,-0.05356270075
455.782959,-0.02067138627
456.0037231,-0.04605729878
456.2245178,-0.05526560545
456.445343,-0.01430125628
456.6661682,-0.03407388553
456.8869934,-0.04041248187
457.1078491,-0.03501994535
457.3287354,0.04195770994
457.5496216,-0.02376184613
457.7705078,-0.02202740498
457.9914246,-0.0005518677062
458.2123413,-0.06232951209
458.4332886,-0.0201352872
458.6542664,0.007331956178
458.8752136,-0.08380504698
459.0962219,-0.05643241107
459.3172302,0.01663486846
459.5382385,-0.01076930389
459.7592773,-0.07503823936
459.9803162,-0.01669793949
460.2013855,-0.04785481095
460.4224548,-0.0400971286
460.6435547,0.02026142739
460.8646545,-0.04407057539
461.0857849,-0.05059838295
461.3069153,0.004462244455
461.5280457,-0.07068636268
461.7492371,0.02584317513
461.9703979,-0.03845729306
462.1915894,-0.02136516385
462.4128113,-0.06185648218
462.6340332,0.05438261852
462.8552856,-0.03807887062
463.0765381,-0.0521751456
463.2977905,-0.06144652516
463.5190735,-0.01095851511
463.740387,-0.06239258125
463.9617004,-0.07847558707
464.1830139,-0.04047555104
464.4043579,0.009602497332
464.6257324,0.02363570407
464.8470764,0.02619006298
465.0684814,-0.0851925984
465.2898865,-0.06541997194
465.5112915,-0.03975024074
465.7327271,-0.07125400007
465.9541626,0.01076930389
466.1756287,0.009161003865
466.3970947,0.009980920702
466.6185913,-0.0415792875
466.8400879,-0.01108465623
467.061615,0.01168382727
467.2831421,0.03968717158
467.5046997,-0.0618249476
467.7262573,-0.06825815141
467.9478455,0.01187303849
468.1694336,0.04378675669
468.3910522,-0.07333532721
468.6126709,-0.04183157161
468.8342896,-0.02309960499
469.0559387,-0.04123239964
469.2776184,0.02773529291
469.4992981,-0.009097932838
469.7209778,-0.03524069488
469.942688,-0.04441746324
470.1644287,-0.05822992325
470.3861694,-0.07664653659
470.6079102,0.03571372107
470.8296814,-0.04280916601
471.0514526,-0.04243073985
471.2732544,-0.06895192713
471.4950562,-0.0123460684
471.7168884,0.07182163745
471.9387207,-0.05346809328
472.1605835,-0.07431292534
472.3824463,0.05148136988
472.6043396,-0.02060831524
472.8262329,-0.07242080569
473.0481567,-0.05198593438
473.2700806,-0.07506977022
473.4920349,-0.02019835636
473.7139893,-0.09950962663
473.9359436,0.02946973406
474.1579285,0.06794279814
474.3799438,-0.01508963946
474.6019592,-0.07122246921
474.8239746,-0.0425568819
475.0460205,0.05816685408
475.2680664,-0.02350956388
475.4901428,-0.07324072719
475.7122498,-0.004998344462
475.9343567,-0.07204238325
476.1564636,-0.08588638157
476.3786011,-0.08102994412
476.6007385,-0.0650100112
476.8229065,-0.0425568819
477.0450745,0.005818262231
477.2672424,-0.02748301066
477.4894714,-0.06072121114
477.7116699,-0.02940666303
477.9338989,-0.02609545738
478.1561584,-0.03770044446
478.378418,-0.06847889721
478.6006775,-0.04422825202
478.8229675,0.03003736958
479.0452881,-0.07465980947
479.2676086,-0.02581164055
479.4899292,-0.06841582805
479.7122803,0.06097349524
479.9346313,-0.075195916
480.1570129,-0.0875262171
480.379425,0.001876350143
480.6018066,-0.04091704637
480.8242493,-0.07595276088
481.0466614,-0.03054193407
481.269104,-0.05608552322
481.4915771,-0.03183488175
481.7140503,-0.04599422961
481.936554,-0.07431292534
482.1590576,-0.05447722226
482.3815613,-0.01581495069
482.6040955,0.007584238891
482.8266602,-0.06191955507
483.0492249,0.003989215009
483.2717896,-0.01871619746
483.4943848,0.0356506519
483.71698,-0.07355608046
483.9396057,-0.03271786869
484.1622314,-0.0472241044
484.3848877,-0.08579177409
484.6075439,-0.04369215295
484.8302307,-0.0005834029871
485.0529175,-0.0378581211
485.2756348,-0.08061998338
485.4983521,-0.05996436626
485.7210693,-0.03051039949
485.9438477,-0.03908799961
486.1665955,-0.07705649734
486.3893738,-0.0571577251
486.6121521,-0.05428801104
486.8349609,-0.06223490462
487.0578003,-0.07611043751
487.2806091,-0.02155437507
487.503479,-0.05763075501
487.7263489,0.09736522287
487.9492188,-0.011904574
488.1720886,-0.05860834569
488.3950195,-0.05340502411
488.6179199,-0.07175856829
488.8408508,0.09679759294
489.0638123,-0.00865643844
489.2867737,0.004115356132
489.5097351,-0.01127386838
489.7327271,0.0002049794275
489.9557495,-0.08935526013
490.178772,-0.02704151534
490.4017944,-0.05580170453
490.6248474,-0.003547720844
490.8479004,-0.1067627445
491.0709839,-0.03751123324
491.2940674,-0.03539836779
491.5171814,-0.09143658727
491.7402954,-0.06507308036
491.9634399,0.06031125411
492.1865845,-0.02464483306
492.409729,-0.03877264634
492.6329041,-0.06743822992
492.8561096,-0.04867472872
493.0792847,-0.04038094729
493.3025208,-0.009634032845
493.5257568,-0.06986644864
493.7489929,0.04217845947
493.9722595,0.02587470971
494.1955261,-0.08065152168
494.4188232,-0.03369546309
494.6421204,-0.03795272857
494.8654175,-0.007552703377
495.0887756,0.01780167408
495.3121033,0.02190126292
495.5354614,-0.04545813054
495.7588501,-0.0648208037
495.9822083,-0.01606723294
496.2056274,-0.08002081513
496.4290466,-0.04788634554
496.6524658,-0.02139669843
496.8759155,-0.01811702736
497.0993652,-0.03133031726
497.3228455,-0.0583560653
497.5463257,0.01253528055
497.7698059,-0.07951624691
497.9933167,-0.05640087649
498.2168579,-0.02341495641
498.4403992,-0.02931205742
498.6639404,-0.03864650428
498.8875122,-0.0403178744
499.1111145,-0.04198924825
499.3346863,-0.03224483877
499.5583191,-0.05044070631
499.7819214,-0.04019173607
500.0055847,0.005313697271
500.2292175,-0.0504722409
500.4528809,0.02004067972
500.6765747,-0.01991453953
500.9002686,-0.04161082208
501.1239929,0.05211207643
501.3476868,-0.08736854047
501.5714417,-0.07011873275
501.7951965,-0.0354299061
502.0189514,-0.01512117404
502.2427368,-0.06337017566
502.4665222,-0.01644565724
502.6903381,0.02338342182
502.9141541,-0.02890209854
503.13797,-0.09774365276
503.3618164,0.01953611523
503.5856934,-0.0472241044
503.8095703,-0.04630958289
504.0334473,-0.02880749293
504.2573547,-0.09023825079
504.4812927,0.04091704637
504.7052002,-0.01193610951
504.9291687,-0.006764321122
505.1531067,-0.04760253057
505.3770752,-0.06895192713
505.6010742,0.01824316941
505.8250732,-0.01177843288
506.0491028,-0.01814856194
506.2731323,-0.06349632144
506.4971619,-0.01256681513
506.7212219,-0.006543573923
506.945282,-0.04605729878
507.1693726,-0.006322826724
507.3934631,-0.02549628727
507.6175842,-0.1005187556
507.8417053,-0.05826145783
508.0658569,0.02590624616
508.2900085,-0.02830292843
508.5141602,0.002822408918
508.7383423,-0.08087226748
508.9625244,-0.05671622977
509.1867371,0.01414358057
509.4109802,-0.04659339786
509.6351929,-0.02095520496
509.8594666,0.009413286112
510.0837097,0.02272118069
510.3079834,-0.06510461867
510.5322876,-0.04435439408
510.7565918,0.02000914514
510.980896,-0.05223821849
511.2052307,-0.07544819266
511.4295959,-0.05062991753
511.6539612,0.01805395633
511.8783264,-0.04482742399
512.1027222,-0.0443228595
512.3270874,-0.07122246921
512.5515137,0.09402248263
512.7759399,-0.02076599188
513.0003662,-0.0566531606
513.2248535,-0.05513946339
513.4493408,-0.03814193979
513.6738281,-0.05895523727
513.8983154,-0.04892701283
514.1228027,-0.01228299737
514.3473511,-0.0428407006
514.5718994,-0.02697844617
514.7964478,-0.07257848233
515.0209961,-0.07554280013
515.2455444,-0.03429463506
515.4701538,-0.007931127213
515.6947632,-0.06992951781
515.9193726,-0.05734693632
516.144043,-0.07071790099
516.3686523,0.01310291514
516.5933228,-0.03599753976
516.8179932,-0.07283076644
517.0426636,-0.04999921098
517.267395,0.02417180501
517.4921265,0.009287144989
517.7168579,0.006638179999
517.9415894,0.06592453271
518.1663208,-0.0408224389
518.3911133,-0.03486226872
518.6159058,-0.01117926277
518.8406982,0.02057678066
519.0654907,-0.04731871188
519.2903442,-0.08055691421
519.5151367,-0.0633386448
519.7399902,-0.03896185756
519.9649048,0.005408303346
520.1897583,-0.09313949943
520.4146729,0.01231453288
520.6395264,0.02139669843
520.864502,-0.0754166618
521.0894165,-0.02265810966
521.3143311,-0.02855521068
521.5393066,0.03265479952
521.7642822,0.08572870493
521.9892578,-0.0650100112
522.2142944,-0.004525315017
522.43927,-0.0470033586
522.6643066,0.01859005727
522.8893433,-0.007584238891
523.1143799,0.001119503053
523.3394775,0.01067469735
523.5645752,-0.07122246921
523.7896729,-0.06910960376
524.0147705,-0.009318679571
524.2398682,-0.04161082208
524.4650269,-0.08544488251
524.6901855,-0.03520915657
524.9153442,-0.04760253057
525.1405029,-0.05003074557
525.3657227,-0.06513615698
525.5908813,-0.03356932104
525.8161011,-0.04980999976
526.0413208,-0.0168871507
526.2666016,-0.06664984673
526.4918213,0.0138282273
526.7171021,-0.03334857523
526.9423828,-0.02590624616
527.1677246,-0.04362908006
527.3930054,-0.06882578135
527.6183472,-0.02792450413
527.843689,-0.04359754547
528.0690308,-0.07276769727
528.2943726,-0.06488387287
528.5197754,-0.01285063289
528.7451782,-0.06813200563
528.9705811,-0.01900001615
529.1959839,-0.07421831787
529.4213867,-0.03968717158
529.6468506,-0.03520915657
529.8723145,-0.04987306893
530.0977783,-0.08131375909
530.3232422,-0.06885731965
530.5487671,0.02177512273
530.774292,-0.06907806545
530.9998169,-0.07216852158
531.2253418,-0.04347140715
531.4508667,0.06214030087
531.6764526,-0.003547720844
531.9020386,-0.09477933496
532.1276245,-0.05548635125
532.3532104,-0.04053862393
532.5788574,-0.03716434538
532.8045044,0.00808880385
533.0301514,-0.02265810966
533.2557983,0.00591286784
533.4814453,-0.07853865623
533.7071533,-0.06245565414
533.9328613,0.01808549277
534.1585693,-0.04571041092
534.3842773,-0.04422825202
534.6099854,-0.01404897403
534.8357544,-0.007868056186
535.0615234,-0.03464152291
535.2872925,-0.09263493121
535.5130615,-0.06810047477
535.7388916,-0.03189795092
535.9647217,0.02379338071
536.1905518,-0.08563409746
536.4163818,-0.08096687496
536.6422729,-0.05110294744
536.868103,-0.05788303539
537.0939941,-0.08043076843
537.3198853,-0.01622490957
537.5457764,-0.05182825774
537.7717285,-0.02634773962
537.9976807,-0.04192617536
538.2236328,-0.0828274563
538.449585,0.1476009488
538.6755371,-0.02101827413
538.9015503,-0.01408050954
539.1275635,-0.08702164888
539.3535767,0.04908468947
539.5795898,-0.05409879982
539.805603,-0.07346147299
540.0316772,-0.05911291391
540.2577515,-0.07301997393
540.4838257,0.01004399173
540.7098999,-0.06636603177
540.9360352,-0.06611374766
541.1621704,0.09588306397
541.3883057,-0.008971791714
541.6144409,-0.05709465221
541.8405762,-0.03539836779
542.0667725,0.03224483877
542.2929688,-0.05889216438
542.519165,0.01070623286
542.7453613,-0.04618344083
542.9716187,-0.04183157161
543.1978149,0.03013197519
543.4240723,-0.02836599946
543.6503296,-0.08721086383
543.8766479,-0.03921414167
544.1029053,-0.06015357748
544.3292236,-0.0114630796
544.555542,-0.05075605959
544.7818604,0.03442077711
545.0082397,-0.04946311191
545.2345581,-0.03694359958
545.4609375,-0.04460667446
545.6873169,-0.01518424507
545.9136963,-0.07128553838
546.1401367,-0.08115608245
546.3665771,-0.06769051403
546.5930176,-0.03760584071
546.819458,-0.03814193979
547.0458984,-0.01818009838
547.2723999,-0.004525315017
547.4988403,-0.04113779217
547.7253418,-0.0346730575
547.9518433,-0.02180665731
548.1784058,-0.08143990487
548.4049072,0.025180934
548.6314697,0.06977184117
548.8580322,-0.003516185563
549.0846558,-0.001687138341
549.3112183,-0.03918260336
549.5378418,0.1196291447
549.7644653,-0.04548966512
549.9910889,-0.006007473916
550.2177124,-0.02350956388
550.444397,-0.03580832854
550.6710205,-0.009917850606
550.8977051,-0.07557433844
551.1243896,-0.0443228595
551.3511353,0.04129546881
551.5778198,-0.06986644864
551.8045654,-0.06835275143
552.031311,-0.02067138627
552.2580566,-0.006732785609
552.4848633,-0.01606723294
552.7116699,-0.05416186899
552.9384155,-0.003011620836
553.1652222,-0.02407719754
553.3920898,-0.07655192912
553.6188965,-0.01461660955
553.8457642,-0.04425978661
554.0726318,-0.02937512845
554.2994995,-0.06567225605
554.5263672,-0.04634111747
554.7532959,-0.02224815078
554.9802246,-0.0326863341
555.2071533,-0.05491871759
555.434082,-0.05643241107
555.6610107,-0.02174358629
555.8880005,-0.002917014761
556.1149902,-0.06753283739
556.34198,-0.08393119276
556.5689697,-0.05031456426
556.7959595,-0.05785150081
557.0230103,-0.08705318719
557.250061,-0.03312782943
557.4771118,-0.003579256125
557.7041626,-0.03199255839
557.9312744,-0.09096355736
558.1583252,-0.01326059178
558.385437,-0.01095851511
558.6125488,-0.02265810966
558.8397217,-0.02108134516
559.0668335,-0.05766228959
559.2940063,-0.05624319986
559.5211792,0.01045395061
559.7483521,-0.09919427335
559.9755249,-0.08251210302
560.2027588,-0.05460336432
560.4299927,-0.02700998075
560.6572266,-0.04571041092
560.8844604,-0.07377682626
561.1117554,0.02792450413
561.3389893,-0.02436101623
561.5662842,-0.009507891722
561.7935791,-0.0766780749
562.020874,-0.03719587997
562.24823,-0.01754939184
562.4755249,-0.03959256411
562.7028809,-0.07078097016
562.9302368,-0.06658677757
563.1576538,-0.04895854741
563.3850098,0.03167720512
563.6124268,-0.06627142429
563.8398438,-0.01846391521
564.0672607,-0.05498178676
564.2946777,-0.05037763342
564.5221558,-0.07601583004
564.7496338,0.0415792875
564.9771118,-0.03956102952
565.2045898,-0.05157597736
565.4320679,-0.0159095563
565.6596069,0.007426562253
565.887085,-0.05930212513
566.114624,-0.09831128269
566.3422241,-0.02546475083
566.5697632,0.04094858095
566.7973633,-0.0575992167
567.0249023,-0.04394443333
567.2525024,-0.006953532808
567.4801636,-0.06724901497
567.7077637,-0.007741915062
567.9354248,-0.07831791043
568.1630859,-0.05394112319
568.3907471,-0.0008356853505
568.6184082,-0.0403178744
568.8460693,-0.008057268336
569.0737915,0.03911953419
569.3015137,-0.02641081065
569.5292358,-0.02202740498
569.756958,-0.05472950637
569.9847412,-0.02026142739
570.2125244,-0.01392283291
570.4403076,-0.04016019776
570.6680908,-0.04107472301
570.895874,0.01622490957
571.1237183,-0.05406726524
571.3515015,-0.01609876938
571.5793457,-0.02041910402
571.8071899,-0.06125731394
572.0350952,-0.0430614464
572.2629395,0.02455022745
572.4908447,-0.02808218077
572.71875,0.03322243318
572.9466553,-0.03445231169
573.1746216,0.009161003865
573.4025269,-0.08569716662
573.6304932,0.0148058217
573.8584595,-0.01758092828
574.0864258,-0.01773860306
574.3144531,0.01578341611
574.5424194,-0.0919726938
574.7704468,-0.00414689118
574.9984741,-0.03237098083
575.2265015,0.009066397324
575.4545898,-0.009507891722
575.6826172,-0.0001419088367
575.9107056,-0.05504485965
576.1387939,-0.04202078283
576.3668823,0.04161082208
576.5950317,-0.05315274
576.8231201,-0.02757761627
577.0512695,0.02048217505
577.2794189,-0.01010706276
577.5076294,-0.05321581289
577.7357788,-0.04325065762
577.9639893,-0.06201415882
578.1921997,-0.02139669843
578.4204102,-0.06753283739
578.6486206,-0.0222166162
578.8768311,0.008908720687
579.1051025,-0.02716765739
579.333374,-0.03347471729
579.5616455,-0.08560255915
579.789917,-0.0173917152
580.0182495,0.004682991654
580.246521,-0.01124233287
580.4748535,0.04003405944
580.703186,-0.001434855978
580.9315796,-0.05797764286
581.1599121,-0.02959587611
581.3883057,0.06810047477
581.6166992,-0.08651708066
581.8450928,-0.01698175631
582.0734863,-0.06273946911
582.3019409,-0.006480503362
582.5303345,0.03243404999
582.7587891,-0.02606392279
582.9872437,-0.04482742399
583.2157593,-0.0287444219
583.4442139,-0.06832122058
583.6727295,-0.01676101051
583.9012451,-0.03539836779
584.1297607,-0.08147143573
584.3582764,-0.02767222188
584.586853,-0.05261664093
584.8154297,-0.000110373534
585.0439453,-0.09146812558
585.272583,-0.03681745753
585.5011597,-0.01373362169
585.7297363,0.01736018062
585.958374,-0.0875262171
586.1870117,-0.03725895286
586.4156494,-0.04366061836
586.6443481,-0.04047555104
586.8729858,-0.04968385771
587.1016846,-0.01464814506
587.3303833,0.07147474587
587.559082,-0.007647309452
587.7877808,-0.04747638851
588.0165405,-0.03924567625
588.2452393,-0.06286561489
588.473999,-0.01855852082
588.7027588,-0.04684568197
588.9315796,-0.07611043751
589.1603394,0.09326563776
589.3891602,-0.05769382417
589.617981,0.002475520829
589.8468018,-0.07352454215
590.0756226,0.1034200042
590.3045044,-0.02278425172
590.5333862,-0.02130209282
590.7622681,0.008341086097
590.9911499,-0.02309960499
591.2200317,-0.04533198848
591.4489136,-0.06396935135
591.6778564,-0.04347140715
591.9067993,0.02224815078
592.1357422,-0.02716765739
592.3646851,-0.05192286521
592.593689,-0.00427303277
592.8226929,-0.04999921098
593.0516968,-0.06895192713
593.2807007,-0.05693697557
593.5097046,-0.006385897286
593.7387695,-0.02127055638
593.9677734,-0.04296683893
594.1968384,-0.07462827861
594.4259033,-0.0133236628
594.6549683,-0.07828637213
594.8840942,-0.002065561945
595.1132202,-0.03874111176
595.3423462,-0.08525567502
595.5714722,-0.02139669843
595.8005981,-0.003358508926
596.0297241,-0.01250374503
596.2589111,-0.04038094729
596.4880981,-0.04113779217
596.7172852,-0.05353116617
596.9464722,-0.05618013069
597.1757202,-0.04839091003
597.4049072,-0.04498510063
597.6341553,-0.03858343512
597.8634033,-0.08046230674
598.0926514,-0.03524069488
598.3219604,0.01092697959
598.5512695,-0.05741000548
598.7805176,-0.07806562632
599.0098267,-0.08859841526
599.2391968,-0.01073776837
599.4685059,-0.02376184613
599.697876,-0.07516437769
599.9271851,-0.02205893956
600.1565552,-0.0556755662
600.3859863,-0.06359092146
600.6153564,-0.0754166618
600.8447876,-0.05012535304
601.0741577,-0.04993614182
601.3035889,0.03577679396
601.5330811,-0.07295690477
601.7625122,0.01553113293
601.9920044,-0.03325396776
602.2214355,-0.05848220736
602.4509277,-0.1021585912
602.680481,-0.07320918888
602.9099731,0.01209378615
603.1394653,-0.04053862393
603.3690186,-0.08430961519
603.5985718,-0.06513615698
603.828125,-0.02275271527
604.0577393,-0.05655855313
604.2872925,-0.01395436842
604.5169067,0.01158922166
604.746521,-0.003516185563
604.9761353,-0.02423874103
605.2057495,-0.03586125746
605.4354248,-0.06040979549
605.6650391,-0.01446890738
605.8947144,-0.06136912853
606.1243896,-0.07431480289
606.354126,-0.04004515707
606.5838013,-0.04633852467
606.8135376,-0.04600429535
607.0432129,-0.04984973371
607.2730103,-0.0617207922
607.5027466,-0.02492289059
607.7324829,-0.04129808769
607.9622803,-0.08144547045
608.1920776,-0.08204881847
608.421875,-0.04327528551
608.6516724,0.02842354029
608.8814697,-0.06711094081
609.1113281,0.023096269
609.3411865,-0.04491772875
609.5710449,0.07227653265
609.8009033,-0.06906418502
610.0307617,-0.03284317628
610.2606812,-0.02191448584
610.4905396,0.02529144287
610.720459,0.02193380147
610.9504395,-0.03324412555
611.1803589,-0.05706985667
611.4102783,-0.01074754633
611.6402588,-0.0360138081
611.8702393,-0.01941212825
612.1002197,-0.05458570272
612.3302002,0.03881508484
612.5602417,-0.07260026038
612.7902222,-0.08283273876
613.0202637,-0.01482137665
613.2503052,0.05828324333
613.4804077,-0.04561549798
613.7104492,-0.04735794291
613.9405518,-0.01762740687
614.1705933,-0.04745998234
614.4006958,-0.06390894949
614.6308594,0.01271064766
614.8609619,0.004980177153
615.0911255,-0.06042072177
615.321228,-0.005712362006
615.5513916,-0.01766325161
615.7816162,-0.00782302767
616.0117798,-0.03667660803
616.2419434,-0.03801929206
616.472168,-0.01439348701
616.7023926,-0.06898878515
616.9326172,0.01175539661
617.1628418,-0.02141585574
617.3931274,-0.05009850115
617.6234131,0.001443700166
617.8536377,-0.03540990129
618.0839844,-0.01617816277
618.31427,-0.07340464741
618.5445557,-0.045023527
618.7749023,-0.03048966825
619.005249,-0.07956924289
619.2355957,-0.01277271472
619.4659424,-0.04627335072
619.6962891,-0.06476638466
619.9266968,-0.08047311753
620.1571045,-0.05129714683
620.3875122,-0.04493171722
620.6179199,-0.00508758286
620.8483276,-0.08971095085
621.0787964,-0.0895857811
621.3092041,-0.03401473537
621.5396729,0.03421968222
621.7701416,0.006963318214
622.0006104,-0.07977740467
622.2311401,-0.05594500527
622.4616699,0.01012750063
622.6921387,-0.06050160527
622.9226685,0.03994036466
623.1532593,-0.07004576176
623.3837891,-0.04356471449
623.6143799,-0.03745033592
623.8449097,-0.05930646509
624.0755005,0.06130318344
624.3061523,-0.05521237478
624.5367432,-0.03784176707
624.767334,-0.06039021537
624.9979858,-0.01704725809
625.2286377,-0.02858331986
625.4592896,-0.06943640858
625.6899414,-0.06244797632
625.9206543,-0.02068828046
626.1513672,0.02083569393
626.382019,-0.01161314454
626.6127319,-0.09541320056
626.8435059,-0.04502840713
627.0742188,-0.01782983541
627.3049927,-0.05282289162
627.5357056,-0.0750663653
627.7664795,-0.05207859352
627.9973145,-0.02104300074
628.2280884,-0.04704895988
628.4588623,-0.01040618867
628.6896973,-0.06802082807
628.9205322,-0.006707610097
629.1513672,-0.03494754434
629.3822021,-0.04611687362
629.6130981,-0.0372114256
629.8439941,-0.02130131051
630.0748291,-0.06316556036
630.3057251,-0.03908308595
630.5366821,-0.0120807318
630.7675781,-0.01227365155
630.9985352,-0.05647490546
631.2294312,-0.02005017735
631.4603882,-0.017922014
631.6913452,-0.06072996184
631.9223633,-0.02692832239
632.1533203,-0.07476405799
632.3843384,-0.02301910333
632.6153564,-0.04416648671
632.8463745,-0.0489320755
633.0773926,-0.01519966591
633.3084717,-0.07325627655
633.5394897,-0.04282355681
633.7705688,-0.02890425175
634.0016479,-0.01551521942
634.2327271,-0.06802468002
634.4638062,-0.04182897136
634.6949463,-0.08382912725
634.9260864,-0.08182063699
635.1572266,-0.07101234794
635.3883667,0.004623273853
635.6195068,0.007039046381
635.850647,-0.04456987604
636.0818481,-0.04968544468
636.3130493,-0.0111372238
636.5442505,-0.08304593712
636.7754517,-0.06371816993
637.0067139,-0.05805309862
637.237915,-0.03257924318
637.4691772,-0.02313091792
637.7004395,-0.06516138464
637.9317017,-0.04624154419
638.1629639,-0.00396249583
638.3942871,-0.01043452788
638.6255493,-0.03423099965
638.8568726,0.03466710821
639.0881958,-0.02158376761
639.319519,-0.07369465381
639.5509033,-0.06556350738
639.7822266,-0.0773216784
640.0136108,-0.02135381103
640.2449951,-0.07931002229
640.4763794,-0.05981403962
640.7078247,-0.04636799544
640.939209,-0.06367032975
641.1706543,-0.02665203065
641.4020996,-0.06261086464
641.6335449,0.04954250902
641.8649902,-0.03904570267
642.0964355,-0.05904476717
642.3279419,-0.01779990084
642.5594482,-0.0487736389
642.7909546,-0.07809618115
643.0224609,-0.07025345415
643.2539673,-0.03253816441
643.4854736,-0.0499891825
643.717041,-0.03984996304
643.9486084,-0.06071873009
644.1801758,-0.01511448529
644.4117432,-0.02688886784
644.6433716,-0.0603540279
644.874939,-0.02345317602
645.1065674,-0.0348495096
645.3381958,-0.06221010908
645.5698242,-0.08154335618
645.8014526,-0.08760170639
646.0331421,-0.007561617531
646.2648315,-0.04196827486
646.49646,-0.08910663426
646.7281494,-0.004223072436
646.9598999,-0.04730214551
647.1915894,-0.07713985443
647.4233398,-0.05594272539
647.6550293,-0.07441721112
647.8867798,-0.05955474079
648.1185303,-0.00624397397
648.3503418,-0.05717168003
648.5820923,-0.0939745605
648.8139038,-0.02422204241
649.0457153,-0.07028526068
649.2775269,-0.01701691374
649.5093384,-0.003573530819
649.7411499,-0.02696065605
649.9730225,-0.04296554998
650.204895,-0.06639286131
650.4367676,-0.02824599482
650.6686401,-0.002065412235
650.9005127,-0.07043676823
651.1323853,0.02752624638
651.3643188,-0.09351556003
651.5962524,-0.03648788109
651.828186,-0.06830453873
652.0601196,-0.06701496989
652.2920532,-0.09704176337
652.5240479,-0.01564595103
652.7560425,-0.04317363724
652.9879761,-0.06872565299
653.2199707,-0.06846439093
653.4520264,-0.04834959283
653.684021,-0.02513215505
653.9160767,0.008966645226
654.1480713,-0.09144043922
654.380127,-0.02181522734
654.6122437,-0.04756636173
654.8442993,-0.06517808139
655.076355,-0.00530952448
655.3084717,-0.01536899526
655.5405884,-0.03137673438
655.7727051,-0.03836571053
656.0048218,-0.08456469327
656.2369385,-0.003842281876
656.4691162,-0.04861213267
656.7012939,-0.03005811386
656.9334717,-0.07817862183
657.1656494,0.01794617996
657.3978271,-0.02621881478
657.6300049,-0.01377925277
657.8622437,-0.01226712484
658.0944824,-0.05282107741
658.3267212,-0.04286481813
658.55896,-0.07946965843
658.7911987,-0.07506663352
659.0234985,0.0119138388
659.2557373,-0.02031868882
659.4880371,-0.0402393043
659.7203369,-0.07983273268
659.9526978,-0.01849506795
660.1849976,-0.0476709716
660.4172974,-0.02804888599
660.6496582,0.04107456282
660.882019,-0.04755714908
661.1143799,0.07245156169
661.3467407,-0.04026776925
661.5791626,0.04986025766
661.8115845,-0.01064380351
662.0439453,0.001279153978
662.2763672,-0.03513522819
662.5087891,-0.05545691401
662.741272,-0.01073353551
662.9736938,-0.04407579824
663.2061768,-0.01382243168
663.4386597,-0.07805818319
663.6711426,-0.07774954289
663.9036255,0.03766970709
664.1361084,-0.1005057693
664.3686523,-0.05273859575
664.6011963,0.006864029448
664.8336792,-0.06489893794
665.0662842,-0.08721990138
665.2988281,-0.08784090728
665.5313721,-0.06191833317
665.7639771,-0.03090565465
665.996582,-0.00642872788
666.229187,-0.07384826988
666.461792,-0.04440370202
666.694397,-0.02002795599
666.927002,-0.08165363222
667.159668,0.00592495827
667.392334,-0.04256861284
667.625,-0.07200258225
667.857666,-0.03145645186
668.090332,-0.06798958033
668.3230591,0.03360836953
668.5557251,0.005061415024
668.7884521,-0.03751123324
669.0211792,-0.05999590084
669.2539673,-0.05312120542
669.4866943,-0.07056022435
669.7194214,-0.08765235543
669.9522095,0.06299175322
670.1849976,-0.03959256411
670.4177856,-0.02401412837
670.6505737,-0.04712950066
670.8834229,-0.0536573045
671.1162109,-0.06825815141
671.3490601,-0.03732202202
671.5819092,-0.05876602232
671.8147583,-0.07109632343
672.0476074,-0.02817678638
672.2805176,-0.04186310619
672.5134277,-0.07730878145
672.7462769,-0.06444237381
672.979187,-0.06396935135
673.2120972,-0.0308257509
673.4450684,-0.004777597263
673.6779785,-0.05772535875
673.9109497,-0.07059176266
674.1439209,-0.03546144068
674.3768921,-0.04246227443
674.6098633,-0.05860834569
674.8428345,-0.05996436626
675.0758667,-0.06125731394
675.3088379,-0.07932703942
675.5418701,-0.05677929893
675.7749023,-0.002917014761
676.0079346,-0.04561580718
676.2410278,-0.07484902442
676.4740601,-0.05583324283
676.7071533,0.03959256411
676.9402466,0.03811040521
677.1733398,-0.05321581289
677.4064331,-0.003106226679
677.6395874,-0.00651203841
677.8726807,-0.01502656844
678.105835,-0.02905977517
678.3389893,0.06627142429
678.5721436,-0.02101827413
678.8052979,-0.03300168738
679.0385132,-0.0281452518
679.2716675,-0.04220999405
679.5048828,-0.02089213394
679.7380981,-0.03300168738
679.9713135,-0.01625644416
680.2045288,-0.05037763342
680.4378052,-0.04561580718
680.6710205,-0.02209047414
680.9042969,-0.06002743542
681.1375732,-0.08639094234
681.3708496,-0.07043408602
681.604126,-0.04656186327
681.8374634,-0.04243073985
682.0707397,-0.05977515504
682.3040771,-0.05305813625
682.5374146,-0.02060831524
682.770752,-0.06803739816
683.0041504,-0.01231453288
683.2374878,-0.00818340946
683.4708862,-0.02978508733
683.7042236,0.007142744493
683.9376221,-0.07087557763
684.1710815,-0.009760173969
684.40448,-0.03927721083
684.6378784,0.01452200394
684.8713379,-0.0650100112
685.1047974,-0.0192522984
685.3382568,-0.01963072084
685.5717163,-0.02098673955
685.8051758,0.01900001615
686.0386963,-0.03631289303
686.2721558,-0.03372699767
686.5056763,-0.05851374194
686.7391968,-0.06772204489
686.9727173,-0.01512117404
687.2062988,-0.05226975307
687.4398193,-0.06072121114
687.6734009,-0.05305813625
687.9069824,-0.05845067278
688.140564,-0.03133031726
688.3741455,-0.09266646951
688.6077271,-0.0677851215
688.8413696,0.06302329153
689.0749512,-0.08058844507
689.3085938,-0.06882578135
689.5422363,-0.04842244834
689.7758789,0.05025149509
690.0095825,0.03079421632
690.2432251,-0.03807887062
690.4769287,-0.01556266844
690.7106323,-0.02924898639
690.9443359,-0.0361552164
691.1780396,-0.0246763695
691.4117432,-0.06958263367
691.6454468,-0.05100833997
691.8792114,-0.05034609884
692.1129761,-0.08538181335
692.3467407,-0.06475772709
692.5805054,-0.01663486846
692.81427,-0.0008672206313
693.0480957,0.005376767833
693.2819214,-0.1000141874
693.515686,-0.03243404999
693.7495117,-0.04129546881
693.9833984,-0.04798095301
694.2172241,-0.05321581289
694.4510498,-0.004714526702
694.6849365,-0.003705397248
694.9188232,-0.0114630796
695.15271,-0.0346730575
695.3865967,0.005755191669
695.6204834,-0.03230791166
695.8544312,-0.04867472872
696.0883179,-0.05532867834
696.3222656,-0.01742325164
696.5562134,-0.0430614464
696.7901611,-0.02483404614
697.0241089,0.001277179457
697.2581177,-0.009255609475
697.4921265,-0.02946973406
697.7260742,-0.02849213965
697.960083,0.01565727405
698.1940918,-0.01707636192
698.4281616,-0.03675438836
698.6621704,-0.01609876938
698.8962402,-0.03864650428
699.1303101,-0.07961085439
699.3643188,-0.01843238063
699.5984497,-0.06488387287
699.8325195,-0.04388136417
700.0665894,0.01385976281
700.3007202,-0.04252534732
700.5348511,-0.01165229175
700.7689209,-0.001308714738
701.0031128,-0.02823985741
701.2372437,-0.04940004274
701.4713745,-0.01723403856
701.7055664,-0.05586477742
701.9396973,-0.04189464077
702.1738892,-0.09159426391
702.4080811,-0.04807555676
702.642334,-0.02969048172
702.8765259,-0.005629050545
703.1107788,-0.03161413595
703.3449707,-0.07056022435
703.5792236,-0.05460336432
703.8134766,-0.05290045962
704.0477295,0.007773450576
704.2820435,-0.01685561612
704.5162964,-0.02379338071
704.7506104,-0.06185648218
704.9849243,-0.06573532522
705.2192383,-0.02227968723
705.4535522,0.007521167863
705.6878662,-0.04183157161
705.9222412,-0.02455022745
706.1565552,-0.05845067278
706.3909302,-0.05927058682
706.6253052,-0.0188738741
706.8596802,-0.02123902179
707.0941162,-0.04227306321
707.3284912,-0.02893363312
707.5629272,-0.04079090431
707.7973022,-0.05841913447
708.0317383,0.03725895286
708.2661743,-0.01108465623
708.5006714,-0.06601914018
708.7351074,-0.07459674031
708.9696045,-0.05621166527
709.2040405,-0.05889216438
709.4385376,-0.04170542955
709.6730347,-0.04962078854
709.9075928,0.02291039191
710.1420898,-0.001560997101
710.3765869,-0.0743759945
710.611145,-0.02546475083
710.8457031,-0.06693366915
711.0802612,0.01467968058
711.3148193,-0.06283407658
711.5494385,-0.01783321053
711.7839966,-0.07863326371
712.0186157,-0.01603569835
712.2532349,-0.05154444277
712.487854,0.03003736958
712.7224731,-0.05280585214
712.9570923,0.01654026285
713.1917114,-0.02871288732
713.4263916,-0.07500670105
713.6610718,-0.03278094158
713.895752,-0.05053531006
714.1304321,0.02795604058
714.3651123,-0.06658677757
714.5998535,-0.07626811415
714.8345337,-0.01799088717
715.0692749,-0.05778842792
715.3040161,-0.05968054757
715.5387573,-0.01818009838
715.7734985,-0.03606061265
716.0082397,-0.04145314544
716.243042,-0.0832689479
716.4777832,-0.03025811724
716.7125854,-0.02590624616
716.9473877,-0.0261585284
717.1821899,-0.02653695084
717.4170532,-0.04760253057
717.6518555,0.01833777502
717.8867188,-0.03375853598
718.121582,-0.04104318842
718.3564453,-0.0754166618
718.5913086,0.003358508926
718.8261719,0.0681950748
719.0610352,-0.005723656155
719.2959595,-0.05425647646
719.5308838,-0.000614938268
719.7658081,-0.0501884222
720.0007324,-0.0781602338
720.2356567,-0.005313697271
720.4705811,-0.02401412837
720.7055664,-0.03476766497
720.9404907,-0.05573863536
721.1754761,-0.06444237381
721.4104614,-0.05185979232
721.6454468,0.007142744493
721.8804932,-0.06371706724
722.1154785,-0.04470128193
722.3505249,-0.05230128765
722.5855103,-0.079043217
722.8205566,-0.08982829005
723.055603,-0.06277100742
723.2907104,-0.008845650591
723.5257568,0.01575187966
723.7608032,-0.03997098655
723.9959106,-0.05756768212
724.2310181,-0.05425647646
724.4661255,-0.04271455854
724.7012329,-0.03382160515
724.9364014,-0.02524400502
725.1715088,-0.01843238063
725.4066772,0.06217183545
725.6417847,0.0006464735488
725.8769531,0.01928383298
726.1121216,0.05781996623
726.3473511,-0.02678923309
726.5825195,-0.0979013294
726.817749,-0.09329717606
727.0529175,-0.01549959835
727.288147,-0.06210876629
727.5233765,-0.02265810966
727.758606,-0.03990791738
727.9938965,-0.05126062408
728.229126,-0.06296021491
728.4644165,-0.05819838867
728.699707,0.00225477363
728.9349976,-0.03306475654
729.1702881,0.0581353195
729.4055786,-0.084530361
729.6408691,-0.03164567053
729.8762207,0.03123570979
730.1115723,-0.04839091003
730.3469238,-0.01518424507
730.5822754,-0.07973699272
730.817627,-0.05949133635
731.0529785,-0.07819176465
731.2883911,-0.05747307837
731.5237427,-0.04060169309
731.7591553,-0.0153103862
731.9945679,0.04438592866
732.2299805,0.01940997504
732.4653931,-0.06888885051
732.7008667,-0.03451538086
732.9362793,-0.07620504498
733.1717529,-0.03956102952
733.4072266,0.008214944974
733.6427002,-0.05233282223
733.8781738,-0.01133693848
734.1136475,-0.07301997393
734.3491821,-0.04151621833
734.5847168,-0.01789627969
734.8201904,-0.004367638379
735.0557251,0.01329212729
735.2912598,0.005092950072
735.5268555,-0.06065814197
735.7623901,-0.02067138627
735.9979858,-0.03549297526
736.2335205,-0.07005565614
736.4691162,-0.06371706724
736.7047119,-0.02193279751
736.9403076,-0.04788634554
737.1759033,-0.07185316831
737.4115601,-0.03829961643
737.6472168,-0.02596931532
737.8828125,-0.04485895857
738.1184692,-0.0159095563
738.354126,-0.03259172663
738.5897827,-0.04801248759
738.8255005,0.03177180886
739.0611572,-0.04050708935
739.296875,0.1972375065
739.5325928,-0.03583986312
739.7683105,-0.03240251541
740.0040283,-0.03076268174
740.2397461,-0.0455211997
740.4755249,-0.05403573066
740.7112427,-0.05920751765
740.9470215,-0.06321249902
741.1828003,-0.01978839748
741.4185791,-0.01543652732
741.6543579,-0.07506977022
741.8901367,-0.02603238635
742.1259766,-0.05958594009
742.3617554,-0.06664984673
742.5975952,-0.04318758845
742.8334351,-0.08232288808
743.0692749,-0.006985067856
743.3051147,-0.0610996373
743.5410156,0.01600416191
743.7768555,-0.05299506336
744.0127563,-0.07242080569
744.2486572,-0.06150959432
744.4845581,-0.07264155149
744.720459,-0.08856687695
744.9563599,-0.005282162223
745.1922607,0.02117595077
745.4282227,0.01931536943
745.6641846,-0.06318096817
745.9000854,0.02284732275
746.1360474,0.02672616392
746.3720703,-0.05674776435
746.6080322,-0.03360085934
746.8439941,-0.02931205742
747.0800171,-0.06541997194
747.31604,-0.001182573615
747.552063,0.02448715642
747.7880859,-0.02104981057
748.0241089,-0.04151621833
748.2601318,0.04359754547
748.4962158,-0.03867803887
748.7322388,0.05633780733
748.9683228,-0.05466643721
749.2044067,-0.005881332792
749.4404907,-0.0346730575
749.6765747,-0.02672616392
749.9127197,0.0213336274
750.1488037,-0.00313776196
750.3849487,-0.05718925968
750.6210938,0.00739502674
750.8572388,-0.06955109537
751.0933838,-0.05554942414
751.3295288,-0.04880087078
751.5656738,-0.05141830072
751.8018799,-0.06794279814
752.0380859,-0.04243073985
752.274231,-0.07163242251
752.510437,-0.06828968227
752.7467041,-0.07771873474
752.9829102,-0.0398763828
753.2191162,-0.05532867834
753.4553833,-0.01944150962
753.6916504,-0.02212201059
753.9278564,-0.02533861063
754.1641235,0.007111209445
754.4004517,-0.0276406873
754.6367188,-0.05554942414
754.8729858,-0.06024818122
755.109314,-0.05851374194
755.3456421,-0.04634111747
755.5819702,-0.03486226872
755.8182983,-0.0177701395
756.0546265,-0.06690213084
756.2909546,-0.05895523727
756.5273438,-0.05286892503
756.7636719,-0.0425568819
757.000061,-0.05163904652
757.2364502,-0.03738509491
757.4728394,-0.05132369325
757.7092285,-0.0470033586
757.9456177,-0.01660333388
758.1820679,-0.02186972834
758.4185181,-0.01764399745
758.6549072,-0.00427303277
758.8913574,0.09058513492
759.1278076,-0.01218839176
759.3642578,-0.01562573947
759.600769,-0.05548635125
759.8372192,-0.0143643273
760.0737305,-0.04747638851
760.3102417,-0.07636272162
760.5467529,-0.07346147299
760.7832642,-0.03905646503
761.0197754,-0.0373535566
761.2562866,-0.05021996051
761.4928589,0.007710380014
761.7293701,-0.001245644176
761.9659424,-0.07844404876
762.2025146,0.04302991182
762.4390869,-0.07147474587
762.6757202,-0.07156935334
762.9122925,-0.03158259764
763.1488647,-0.06989798695
763.385498,-0.07708802819
763.6221313,-0.04798095301
763.8587646,-0.02571703307
764.0953979,-0.07081250846
764.3320313,-0.01250374503
764.5686646,0.02004067972
764.8053589,-0.02965894528
765.0420532,-0.05126062408
765.2786865,-0.05652701855
765.5153809,-0.02022989281
765.7520752,-0.03770044446
765.9888306,-0.0970814079
766.2255249,-0.03454691544
766.4622803,0.0006464735488
766.6989746,-0.05532867834
766.93573,-0.05810378119
767.1724854,-0.07456520945
767.4092407,-0.04347140715
767.6459961,-0.06690213084
767.8828125,-0.05693697557
768.1195679,-0.03069961071
768.3563843,-0.01385976281
768.5931396,-0.03634442762
768.8299561,-0.02511786297
769.0667725,-0.011904574
769.3036499,-0.03997098655
769.5404663,-0.03782658651
769.7772827,-0.02735686861
770.0141602,-0.02593778074
770.2510376,-0.02552782185
770.487915,-0.05028302968
770.7247925,-0.0263792742
770.9616699,-0.04542659223
771.1985474,-0.04656186327
771.4354858,-0.05274278298
771.6723633,0.07718263566
771.9093018,-0.04876933619
772.1462402,-0.06384320557
772.3831787,-0.01244067401
772.6201172,-0.04261995107
772.8571167,-0.05444568768
773.0940552,-0.03943488747
773.3310547,-0.050724525
773.5679932,-0.0610996373
773.8049927,-0.07778180391
774.0419922,-0.04782327637
774.2789917,0.04785481095
774.5160522,0.007994197309
774.7530518,-0.01537345629
774.9901123,-0.0425568819
775.2271729,-0.05668469518
775.4641724,-0.08686397225
775.7012329,-0.008246479556
775.9382935,-0.02391952276
776.175415,-0.005597515032
776.4124756,-0.03650210425
776.6495972,-0.01253528055
776.8866577,-0.01795935072
777.1237793,-0.04161082208
777.3609009,-0.02045063861
777.5980225,-0.01871619746
777.8352051,-0.06223490462
778.0723267,-0.04627804831
778.3094482,-0.02098673955
778.5466309,-0.06242411956
778.7838135,-0.005313697271
779.0209961,-0.04072783515
779.2581787,-0.06579839438
779.4953613,-0.04038094729
779.7325439,-0.01013859734
779.9697876,-0.03391620889
780.2070313,-0.07983160019
780.4442139,-0.08449882269
780.6814575,-0.003610791406
780.9187012,-0.05548635125
781.1559448,-0.0544141531
781.3932495,0.005408303346
781.6304932,0.0008672206313
781.8677979,-0.02918591723
782.1051025,-0.04520584643
782.3423462,0.05618013069
782.5796509,-0.0133867329
782.8170166,-0.04429132491
783.0543213,-0.03356932104
783.291626,-0.06472619623
783.5289917,-0.05996436626
783.7662964,-0.01351287402
784.0036621,-0.04416518286
784.2410278,-0.06176187843
784.4783936,-0.04779174179
784.7158203,-0.03423156217
784.953186,-0.07261002064
785.1905518,-0.005692121107
785.4279785,-0.06945648789
785.6654053,-0.05274278298
785.902832,-0.0590813756
786.1402588,-0.02410873398
786.3776855,-0.0598382242
786.6151123,-0.01764399745
786.8526001,-0.091121234
787.0900269,-0.03956102952
787.3275146,0.03930874541
787.5650024,0.0003626559046
787.8024902,-0.02921745181
788.039978,-0.009003327228
788.2774658,-0.05154444277
788.5150146,-0.07330379635
788.7525024,-0.02700998075
788.9900513,0.07478595525
789.2276001,0.009570962749
789.4651489,-0.06122577563
789.7026978,-0.02994276397
789.9402466,-0.02795604058
790.1777954,-0.03110956959
790.4154053,-0.03025811724
790.6529541,-0.05119755119
790.890564,-0.03681745753
791.1281738,-0.05290045962
791.3657837,-0.04211538658
791.6033936,0.02250043303
791.8410645,-0.027262263
792.0786743,-0.02379338071
792.3162842,0.157629177
792.5539551,-0.03599753976
792.791626,-0.01631951518
793.0292969,-0.05107141286
793.2669678,-0.003989215009
793.5046387,-0.005849797279
793.7423706,-0.06781665236
793.9800415,-0.03520915657
794.2177734,-0.04618344083
794.4554443,-0.08875609189
794.6931763,-0.08112455159
794.9309082,-0.05394112319
795.1687012,-0.02801910974
795.4064331,-0.04684568197
795.644165,-0.08068305254
795.881958,-0.05643241107
796.119751,0.003705397248
796.3574829,-0.02070292085
796.5952759,-0.07339840382
796.8330688,-0.06176187843
797.0709229,-0.0153103862
797.3087158,-0.02571703307
797.5465088,0.008467227221
797.7843628,-0.03650210425
798.0222168,0.003894608933
798.2600708,-0.05882909521
798.4979248,-0.06349632144
798.7357788,-0.01707636192
798.9736328,-0.04258841649
799.2115479,-0.0156888105
799.4494019,-0.004493779503
799.6873169,-0.004588385578
799.9252319,-0.06731209159
800.1630859,-0.06441084296
800.401062,-0.06236104667
800.6389771,-0.05258510634
800.8768921,-0.07465980947
801.1148682,-0.02590624616
801.3527832,0.02363570407
801.5907593,-0.02887056395
801.8287354,-0.01117926277
802.0667114,-0.06876271218
802.3046875,0.01581495069
802.5426636,-0.0635278523
802.7806396,-0.02883902751
803.0186768,-0.006827391684
803.2567139,-0.0536888428
803.4946899,0.0201352872
803.7327271,-0.05192286521
803.9707642,-0.02852367423
804.2088013,-0.01269295625
804.4468994,-0.04277762771
804.6849365,-0.04397597164
804.9230347,-0.0324655883
805.1610718,-0.03155106306
805.3991699,-0.05945980176
805.6372681,-0.07147474587
805.8753662,-0.06642910093
806.1134644,-0.05851374194
806.3516235,-0.03010044061
806.5897217,-0.0650415495
806.8278809,-0.01956765167
807.065979,-0.08913451433
807.3041382,-0.01594109274
807.5422974,-0.003074691398
807.7804565,-0.08229135722
808.0186768,-0.05832453072
808.2568359,0.02877595834
808.4949951,-0.04173696414
808.7332153,-0.02527553961
808.9714355,-0.01808549277
809.2096558,-0.02373030968
809.447876,-0.04835937545
809.6860962,-0.04571041092
809.9243164,-0.03744816408
810.1625366,-0.04211538658
810.4008179,-0.03577679396
810.6390991,-0.02016682178
810.8773193,-0.01367055066
811.1156006,-0.04444899783
811.3538818,0.0388357155
811.5922241,-0.08935526013
811.8305054,-0.04735024646
812.0687866,0.048990082
812.3071289,0.0123460684
812.5454102,-0.03804733604
812.7837524,-0.06791125983
813.0220947,-0.06996105611
813.260437,0.009413286112
813.4987793,-0.08285898715
813.7371826,-0.03388467431
813.9755249,-0.03274940327
814.2139282,-0.04564734176
814.4522705,-0.03536683321
814.6906738,-0.03561911732
814.9290771,-0.05236436054
815.1674805,-0.05340502411
815.4058838,-0.007489632815
815.6443481,-0.008624903858
815.8827515,0.07718263566
816.1212158,-0.05548635125
816.3596191,-0.07301997393
816.5980835,-0.02180665731
816.8365479,-0.04268302396
817.0750122,0.00165560306
817.3134766,-0.03956102952
817.552002,-0.04485895857
817.7904663,-0.02789296955
818.0289917,-0.01581495069
818.2675171,-0.02227968723
818.5059814,0.0064174328
818.7445068,-0.0213336274
818.9830322,-0.04962078854
819.2216187,-0.06378013641
819.460144,0.03609214723
819.6986694,-0.0506929867
819.9372559,0.04309298098
820.1758423,0.02379338071
820.4144287,-0.01947304606
820.6530151,-0.02492865175
820.8916016,-0.04331373051
821.130188,-0.07863326371
821.3687744,-0.03476766497
821.6074219,-0.02801910974
821.8460083,0.01859005727
822.0846558,-0.06059507281
822.3233032,-0.05438261852
822.5619507,-0.03249712288
822.8005981,-0.06173034012
823.0392456,-0.05476104096
823.2778931,-0.07131706923
823.5166016,0.03256019205
823.755249,-0.03751123324
823.9939575,-0.02533861063
824.232666,-0.04079090431
824.4713745,-0.07588969171
824.710083,-0.01376515627
824.9487915,0.1105469763
825.187561,-0.05097680539
825.4262695,-0.03460998833
825.6650391,-0.02357263304
825.9037476,-0.05520253628
826.1425171,-0.05945980176
826.3812866,-0.03429463506
826.6200562,-0.04858012497
826.8588257,-0.05602245405
827.0976563,-0.04851705208
827.3364258,-0.03959256411
827.5752563,-0.02246889845
827.8140259,-0.05406726524
828.0528564,0.03867803887
828.291687,-0.06428469718
828.5305176,-0.05037763342
828.7693481,-0.03877264634
829.0081787,-0.01228299737
829.2470703,-0.02395105734
829.4859009,-0.05466643721
829.7247925,-0.05800917745
829.9636841,-0.0425568819
830.2025757,-0.04697182402
830.4414673,-0.04268302396
830.6803589,-0.08087226748
830.9192505,-0.03215023503
831.1582031,-0.05097680539
831.3970947,-0.09250879288
831.6360474,-0.02833446302
831.874939,0.002601661952
832.1138916,0.03252865747
832.3528442,-0.001434855978
832.5917969,-0.03552450985
832.8308105,0.02291039191
833.0697632,0.05971208215
833.3087769,-0.004525315017
833.5477295,-0.0423045978
833.7867432,0.01414358057
834.0257568,0.003421579488
834.2647705,-0.06869964302
834.5037842,0.007552703377
834.7427979,-0.03719587997
834.9818115,-0.02414026856
835.2208862,0.01105312165
835.4598999,-0.07011873275
835.6989746,0.07510130852
835.9380493,-0.04161082208
836.177124,0.02234275639
836.4161987,-0.01458507404
836.6552734,0.004682991654
836.8943481,-0.03243404999
837.1334839,-0.07172702998
837.3725586,0.01575187966
837.6116943,-0.04280916601
837.8508301,-0.01644565724
838.0899048,0.01423818618
838.3290405,-0.02168051526
838.5682373,-0.06292868406
838.807373,0.04167389497
839.0465088,-0.04161082208
839.2857056,-0.07910628617
839.5248413,-0.01676101051
839.7640381,-0.04372368753
840.0032349,0.05009381846
840.2424316,-0.07261002064
840.4816284,0.03628135845
840.7208252,0.03032118641
840.960022,0.02455022745
841.1992798,-0.05176518857
841.4384766,0.04583655298
841.6777344,-0.04955771565
841.9169922,-0.05608552322
842.15625,-0.02414026856
842.3955078,-0.03265479952
842.6347656,-0.05302660167
842.8740234,-0.006322826724
843.1133423,-0.06412702054
843.3526001,0.04794941843
843.5919189,0.03142492101
843.8311768,-0.03653363883
844.0704956,0.002475520829
844.3098145,-0.01326059178
844.5491333,-0.06311789155
844.7885132,-0.007741915062
845.027832,-0.04684568197
845.2671509,-0.007994197309
845.5065308,-0.01240913849
845.7459106,-0.07469134778
845.9852295,-0.04542659223
846.2246094,0.02231122181
846.4639893,-0.0009618265321
846.7033691,-0.03530376405
846.9428101,-0.03757430613
847.1821899,-0.02161744609
847.4216309,-0.0076788445
847.6610107,-0.0573784709
847.9004517,-0.06324403733
848.1398926,-0.00553444447
848.3793335,0.009665568359
848.6187744,-0.00679585617
848.8582153,-0.05264817551
849.0976563,-0.03309629485
849.3371582,-0.03167720512
849.5765991,-0.05986975878
849.8161011,-0.009129468352
850.055603,-0.0440390408
850.2950439,-0.03864650428
850.5345459,-0.0324655883
850.7741089,-0.05378344655
851.0136108,-0.02253196947
851.2531128,-0.04003405944
851.4926758,-0.005219091661
851.7321777,-0.07235773653
851.9717407,-0.02896516956
852.2113037,-0.04653032869
852.4508667,-0.05602245405
852.6904297,-0.02868135087
852.9299927,-0.05003074557
853.1695557,-0.01773860306
853.4091187,-0.03464152291
853.6487427,0.01367055066
853.8883667,0.03300168738
854.1279297,0.03539836779
854.3675537,-0.01171536278
854.6071777,0.001939420705
854.8468018,-0.02253196947
855.0864258,-0.01619337499
855.3261108,-0.01105312165
855.5657349,-0.03435770422
855.8054199,-0.01855852082
856.0450439,-0.04905315116
856.284729,-0.03114110418
856.5244141,-0.0378896594
856.7640991,0.08563409746
857.0037842,-0.02877595834
857.2434692,0.003736932529
857.4831543,-0.06996105611
857.7229004,-0.02284732275
857.9625854,-0.03145645931
858.2023315,-0.06494694203
858.4420776,-0.06803739816
858.6818237,0.03905646503
858.9215698,-0.01549959835
859.1613159,-0.06075274572
859.401062,-0.04949464649
859.6408081,0.002601661952
859.8806152,-0.05403573066
860.1203613,-0.006385897286
860.3601685,-0.07207392156
860.5999756,-0.01266142167
860.8397827,-0.06983491033
861.0795898,-0.03539836779
861.319397,-0.03243404999
861.5592041,0.01565727405
861.7990112,-0.07434446365
862.0388794,-0.04104318842
862.2787476,-0.06951955706
862.5185547,-0.009886315092
862.7584229,-0.02855521068
862.998291,-0.06674445421
863.2381592,-0.06586146355
863.4780273,-0.02019835636
863.7178955,-0.0650415495
863.9578247,-0.03801579773
864.1976929,-0.027262263
864.4376221,-0.01502656844
864.6774902,-0.04999921098
864.9174194,-0.05126062408
865.1573486,-0.0590813756
865.3972778,-0.04022327065
865.637207,-0.03990791738
865.8771362,-0.03694359958
866.1171265,-0.01070623286
866.3570557,0.05709465221
866.5970459,-0.02871288732
866.8370361,-0.05778842792
867.0769653,-0.08658015728
867.3169556,-0.003106226679
867.5569458,-0.06595607102
867.796936,0.006039008964
868.0369873,-0.04561580718
868.2769775,0.01578341611
868.5169678,-0.03893032297
868.757019,-0.04271455854
868.9970703,-0.06608220935
869.2370605,-0.06220337003
869.4771118,0.009318679571
869.7171631,-0.07368221879
869.9572754,-0.05163904652
870.1973267,-0.04495356604
870.4373779,-0.0104224151
870.6774902,-0.01830623858
870.9175415,-0.03842575848
871.1576538,-0.05056684837
871.3977051,0.05804071203
871.6378174,-0.001214108896
871.8779297,-0.06857349724
872.118042,-0.0415792875
872.3582153,0.05321581289
872.5983276,-0.0798631385
872.8384399,-0.06494694203
873.0786133,0.1143312156
873.3187866,0.01713943295
873.5588989,-0.02284732275
873.7990723,0.07812869549
874.0392456,-0.01660333388
874.2794189,-0.03350625187
874.5195923,-0.05012535304
874.7598267,0.01319752168
875,-0.04444899783
875.2402344,-0.02905977517
875.4804077,-0.02931205742
875.7206421,-0.05671622977
875.9608765,-0.05359423533
876.2011108,0.009444820695
876.4413452,-0.03136185184
876.6815796,-0.07443906367
876.921814,-0.04791788384
877.1621094,-0.03404235095
877.4023438,-0.01808549277
877.6426392,-0.01546806283
877.8828735,0.01001245622
878.1231689,-0.0314879939
878.3634644,0.01458507404
878.6037598,-0.01997761056
878.8440552,-0.03959256411
879.0843506,-0.03536683321
879.324707,-0.04999921098
879.5650024,0.009350215085
879.8053589,-0.03180334717
880.0456543,-0.07005565614
880.2860107,-0.04627804831
880.5263672,-0.06201415882
880.7667236,-0.04485895857
881.0070801,0.3501836956
881.2474365,-0.06292868406
881.487793,-0.04984153435
881.7282104,0.009413286112
881.9685669,-0.0358713977
882.2089844,-0.04675107449
882.4494019,-0.003579256125
882.6897583,-0.03486226872
882.9301758,-0.05116601661
883.1705933,-0.07806562632
883.4110107,0.0573784709
883.6514893,-0.03174027428
883.8919067,-0.003011620836
884.1323242,-0.05239589512
884.3728027,-0.009665568359
884.6132813,-0.03044732846
884.8536987,-0.07976853102
885.0941772,-0.08721086383
885.3346558,0.0128821684
885.5751343,-0.02770375833
885.8156738,-0.02300499752
886.0561523,7.883823855E-05
886.2966309,-0.05091373622
886.5371704,-0.02880749293
886.7776489,-0.03252865747
887.0181885,-0.05482411012
887.258728,-0.01657179743
887.4992676,-0.0005834029871
887.7398071,-0.03388467431
887.9803467,0.04388136417
888.2208862,-0.05971208215
888.4614258,-0.05182825774
888.7020264,-0.05800917745
888.9425659,-0.05431954563
889.1831665,-0.01363901515
889.4237671,-0.01143154502
889.6643677,-0.07257848233
889.9049072,-0.07484902442
890.1455688,0.06302329153
890.3861694,0.02089213394
890.62677,0.09613534808
890.8673706,-0.06601914018
891.1080322,0.01931536943
891.3486328,-0.0551710017
891.5892944,-0.05044070631
891.8299561,-0.05586477742
892.0706177,-0.0297220163
892.3112793,-0.06570378691
892.5519409,0.00827801507
892.7926025,-0.06892038882
893.0332642,0.005345232785
893.2739258,-0.02451869287
893.5146484,-0.01278756279
893.7553711,-0.06119424105
893.9960327,0.04016019776
894.2367554,-0.05684237182
894.477478,-0.008845650591
894.7182007,-0.03829961643
894.9589233,-0.05466643721
895.199646,0.01868466288
895.4404297,-0.02205893956
895.6811523,-0.0156888105
895.921875,-0.03889878839
896.1626587,0.03274940327
896.4034424,-0.06892038882
896.6442261,0.03580832854
896.8849487,0.001466391259
897.1257324,-0.02805064619
897.3665771,0.01483735628
897.6073608,0.04608883336
897.8481445,-0.002034026664
898.0889282,-0.02108134516
898.3297729,-0.05545481667
898.5706177,-0.06226644292
898.8114014,-0.04148468003
899.0522461,-0.05103987455
899.2930908,-0.05100833997
899.5339355,-0.02297346294
899.7747803,-0.0143643273
900.015625,-0.04990460724
900.2565308,-0.07771873474
900.4973755,-0.0800838843
900.7382813,-0.06570378691
900.979126,0.004367638379
901.2200317,-0.05157597736
901.4609375,-0.01654026285
901.7018433,0.03315936401
901.942749,-0.05785150081
902.1836548,-0.01133693848
902.4245605,-0.0261585284
902.6654663,-0.03208716214
902.9064331,0.03552450985
903.1473389,0.126346156
903.3883057,-0.04712950066
903.6292725,0.001781744184
903.8701782,-0.02499172278
904.111145,-0.03593447059
904.3521118,-0.0475079231
904.5930786,-0.05652701855
904.8341064,0.001214108896
905.0750732,-0.09077434987
905.31604,-0.04271455854
905.5570679,-0.01404897403
905.7980347,0.02111287974
906.0390625,0.01543652732
906.2800903,0.05438261852
906.5211182,0.1264092326
906.762146,0.002948550275
907.0031738,-0.01770706847
907.2442017,-0.02127055638
907.4852295,-0.05021996051
907.7263184,0.02918591723
907.9673462,-0.04526891559
908.2084351,-0.0222166162
908.4494629,0.003326973645
908.6905518,-0.05447722226
908.9316406,-0.02357263304
909.1727295,-0.0287444219
909.4138184,-0.07264155149
909.6549072,-0.03454691544
909.8959961,-0.007426562253
910.137146,0.007016603369
910.3782349,-0.0363759622
910.6193848,-0.04375522211
910.8604736,0.0354299061
911.1016235,-0.009728638455
911.3427734,-0.001371785416
911.5839233,0.04539505765
911.8250732,-0.02076599188
912.0662231,-0.04069630057
912.307373,-0.02880749293
912.548584,0.05261664093
912.7897339,-0.05529714003
913.0308838,-0.03473612666
913.2720947,0.01814856194
913.5133057,-0.001056432375
913.7545166,-0.08850380778
913.9956665,-0.0527112484
914.2368774,0.02032449841
914.4781494,-0.06286561489
914.7193604,-0.07819176465
914.9605713,0.01903155074
915.2017822,0.01594109274
915.4430542,-0.07380835712
915.6842651,-0.03110956959
915.9255371,-0.05655855313
916.1668091,-0.05807224661
916.4080811,-0.01212532166
916.649353,-0.04854858667
916.890625,-0.008593368344
917.131897,-0.05334195122
917.3731689,0.02565396391
917.6144409,-0.02420333959
917.8557739,-0.06939341873
918.0970459,-0.05892369896
918.3383789,0.0487062633
918.5797119,0.07658346742
918.8209839,-0.007931127213
919.0623169,-0.007994197309
919.3036499,0.04315605387
919.5449829,-0.06746976823
919.7863159,-0.06277100742
920.02771,-0.01833777502
920.269043,0.002097097225
920.510376,-0.07907475531
920.75177,-0.04293530434
920.9931641,0.004840667825
921.2344971,-0.04479588941
921.4758911,-0.02997429855
921.7172852,-0.04413364828
921.9586792,-0.007048138417
922.2000732,-0.04719256982
922.4414673,0.008719509467
922.6829224,-0.04183157161
922.9243164,-0.07513283938
923.1657715,-0.03546144068
923.4071655,-0.06390627474
923.6486206,0.007331956178
923.8900757,0.005408303346
924.1314697,-0.01900001615
924.3729248,-0.08061998338
924.6143799,-0.06100502983
924.855896,-0.0005203323672
925.0973511,-0.001529461821
925.3388062,-0.058639884
925.5802612,-0.07718263566
925.8217773,-0.06116270646
926.0632935,-0.01534192171
926.3047485,-0.06113117188
926.5462646,0.01177843288
926.7877808,-0.02738840505
927.0292969,0.02779836394
927.270813,-0.007205815054
927.5123291,-0.08121915162
927.7538452,-0.04116933048
927.9953613,0.003957679495
928.2369385,-0.03568218648
928.4784546,-0.03208716214
928.7200317,-0.0423361361
928.9616089,0.05185979232
929.203125,0.003326973645
929.4447021,-0.01231453288
929.6862793,-0.01493196283
929.9278564,-0.03435770422
930.1694336,-0.06273946911
930.4110718,-0.03271786869
930.6526489,-0.03000583313
930.8942261,-0.04649879411
931.1358643,-0.02921745181
931.3774414,-0.02918591723
931.6190796,0.1180839166
931.8607178,0.006638179999
932.102356,-0.01064316276
932.3439941,-0.07087557763
932.5856323,-0.01244067401
932.8272705,-0.002160167787
933.0689087,-0.04482742399
933.3105469,-0.01713943295
933.5522461,-0.02038756944
933.7938843,-0.03145645931
934.0355835,-0.04060169309
934.2772827,-0.06633449346
934.5189209,-0.034168493
934.7606201,-0.0475079231
935.0023193,0.004746062215
935.2440186,-0.004777597263
935.4857178,0.001718673622
935.727417,-0.0007095441688
935.9691772,-0.009917850606
936.2108765,0.03350625187
936.4526367,0.02606392279
936.6943359,-0.03057346866
936.9360962,-0.0618249476
937.1777954,-0.07377682626
937.4195557,-0.01824316941
937.6613159,-0.04589962214
937.9030762,-0.06469465792
938.1448364,-0.01761246286
938.3865967,0.05570710078
938.628418,-0.02300499752
938.8701782,-0.07743491977
939.1119995,0.005187556148
939.3537598,-0.06980337948
939.5955811,-0.0358713977
939.8373413,-0.01032780949
940.0791626,-0.08011542261
940.3209839,-0.02760915086
940.5628052,-0.02918591723
940.8046265,0.002160167787
941.0464478,-0.001750208903
941.288269,-0.02426641062
941.5301514,-0.03968717158
941.7719727,-0.04205231741
942.013855,0.02209047414
942.2556763,-0.04186310619
942.4975586,0.04845398292
942.7394409,-0.06712287664
942.9812622,-0.04189464077
943.2231445,-0.006764321122
943.4650269,-0.03454691544
943.7069092,-0.04268302396
943.9488525,-0.0551710017
944.1907349,-0.01326059178
944.4326172,-0.03738509491
944.6745605,-0.05949133635
944.9164429,-0.06601914018
945.1583862,-0.05592784658
945.4003296,-0.09023825079
945.6422119,-0.06444237381
945.8841553,-0.04410210997
946.1260986,-0.008530297317
946.368042,-0.03855190054
946.6099854,-0.03889878839
946.8519897,-0.01647719182
947.0939331,0.02373030968
947.3358765,-0.02833446302
947.5778809,-0.05469797179
947.8198242,-0.04706642777
948.0618286,0.0008356853505
948.303833,-0.01237760391
948.5457764,-0.04252534732
948.7877808,-0.008940256201
949.0297852,0.02653695084
949.2717896,0.03088882193
949.513855,-0.04012866318
949.7558594,-0.04861165956
949.9978638,0.0378896594
950.2398682,-0.02092366852
950.4819336,-0.0156888105
950.723999,0.009287144989
950.9660034,-0.03492534161
951.2080688,-0.02855521068
951.4501343,-0.07626811415
951.6921997,0.007016603369
951.9342651,-0.01414358057
952.1763306,-0.01758092828
952.418396,-0.05078759417
952.6604614,-0.04148468003
952.9025269,0.009034861811
953.1446533,0.01013859734
953.3867188,-0.02779836394
953.6288452,0.02842906862
953.8709717,0.07361914963
954.1130371,-0.01127386838
954.3551636,-0.02811371535
954.59729,0.0891975835
954.8394165,-0.008341086097
955.081543,-0.06797432899
955.3236694,-0.01080083847
955.5658569,-0.0455211997
955.8079834,-0.01587802172
956.0501099,0.0113054039
956.2922974,-0.06548304111
956.5344238,0.03025811724
956.7766113,-0.04397597164
957.0187988,-0.04302991182
957.2609863,0.01726557501
957.5031128,0.05126062408
957.7453003,0.01802242175
957.9874878,-0.04927390069
958.2297363,-0.05778842792
958.4719238,-0.04192617536
958.7141113,0.05706311762
958.9563599,-0.02076599188
959.1985474,-0.05485564843
959.4407959,-0.0613203831
959.6829834,-0.05138676614
959.9252319,-0.03167720512
960.1674805,-0.05659008771
960.409729,0.01111619174
960.6519775,-0.02051370963
960.8942261,-0.06311789155
961.1364746,-0.01262988616
961.3787231,0.006228221115
961.6209717,-0.008687973954
961.8632813,0.004241497256
962.1055298,-0.07197931409
962.3478394,-0.03943488747
962.5900879,-0.008940256201
962.8323975,-0.04962078854
963.074707,-0.08345816284
963.3170166,-0.01212532166
963.5592651,-0.0428407006
963.8015747,-0.06541997194
964.0439453,-0.04466974735
964.2862549,-0.02470790409
964.5285645,-0.01846391521
964.770874,-0.008940256201
965.0132446,-0.06731209159
965.2555542,0.007647309452
965.4979248,-0.04416518286
965.7402344,0.04410210997
965.982605,-0.06992951781
966.2249756,-0.03530376405
966.4673462,0.0447643511
966.7097168,-0.05274278298
966.9520874,-0.02250043303
967.194458,0.00288547948
967.4368286,0.009602497332
967.6792603,-0.06144652516
967.9216309,0.000614938268
968.1640015,-0.0546348989
968.4064331,0.02691537514
968.6488037,-0.01051702164
968.8912354,-0.06163573638
969.133667,0.0358713977
969.3760986,-0.01023320388
969.6185303,0.02048217505
969.8609619,-0.01335519738
970.1033936,-0.04252534732
970.3458252,-0.06236104667
970.5882568,-0.0522066839
970.8306885,-0.0356506519
971.0731812,-0.02915438078
971.3156128,0.005187556148
971.5581055,-0.07201084495
971.8005371,-0.01370208617
972.0430298,-0.05053531006
972.2855225,0.05163904652
972.5280151,-0.002128632506
972.7705078,-0.0521751456
973.0130005,-0.02757761627
973.2554932,-0.009034861811
973.4979858,-0.04022327065
973.7404785,-0.03823654726
973.9829712,0.03776351735
974.2255249,-0.02811371535
974.4680176,0.0007726147305
974.7105713,-0.005629050545
974.953064,0.01023320388
975.1956177,0.03142492101
975.4381714,-0.004556850065
975.6807251,0.007741915062
975.9232788,-0.05176518857
976.1658325,0.05936519429
976.4083862,-0.0760788992
976.6509399,-0.05173365399
976.8934937,0.05845067278
977.1361084,-0.05242742971
977.3786621,-0.05958594009
977.6212158,-0.01805395633
977.8638306,0.1277021766
978.1064453,-0.009192538448
978.348999,-0.03095189296
978.5916138,-0.06705980748
978.8342285,-0.04977846518
979.0768433,-0.05491871759
979.319458,-0.07724570483
979.5620728,0.01162075624
979.8046875,0.01464814506
980.0473022,-0.06065814197
980.289917,-0.03599753976
980.5325928,-0.06053199992
980.7752075,-0.02306806855
981.0178833,-0.06472619623
981.260498,-0.03738509491
981.5031738,-0.07059176266
981.7458496,0.03259172663
981.9885254,-0.04955771565
982.2311401,-0.02754608169
982.4738159,0.006385897286
982.7164917,0.146276474
982.9592285,-0.05722079426
983.2019043,-0.06009050459
983.4445801,0.04637265205
983.6872559,-0.02379338071
983.9299927,0.1004556865
984.1726685,0.005849797279
984.4154053,-0.04612037167
984.6580811,-0.05280585214
984.9008179,0.007331956178
985.1435547,-0.02647388168
985.3862915,-0.01023320388
985.6290283,-0.02382491529
985.8717651,-0.04463821277
986.114502,-0.01862159185
986.3572388,-0.04413364828
986.5999756,-0.01682407968
986.8427124,-0.01329212729
987.0855103,-0.02019835636
987.3282471,-0.03760584071
987.5710449,-0.002191703068
987.8137817,-0.03322243318
988.0565796,-0.04533198848
988.2993774,-0.02555935644
988.5421753,-0.01896847971
988.7849121,-0.04725564271
989.02771,0.01117926277
989.2705078,-0.04924236611
989.5133057,-0.03356932104
989.7561646,-0.01026473846
989.9989624,-0.02902824059
990.2417603,-0.01505810395
990.4846191,-0.06299175322
990.727417,-0.0291228462
990.9702759,0.01521578059
991.2130737,-0.006039008964
991.4559326,-0.04993614182
991.6987915,0.01606723294
991.9415894,-0.04662493616
992.1844482,-0.0544141531
992.4273071,-0.03675438836
992.670166,-0.02423487417
992.9130249,-0.06841582805
993.1558838,-0.03880418092
993.3988037,-0.03473612666
993.6416626,-0.0233203508
993.8845215,-0.0756374076
994.1274414,-0.04094858095
994.3703003,0.0583560653
994.6132202,-0.04586808756
994.8561401,-0.07383989543
995.098999,-0.04735024646
995.3419189,-0.003263903083
995.5848389,-0.03561911732
995.8277588,-0.07645732164
996.0706787,0.02782989852
996.3135986,-0.02470790409
996.5565186,-0.00651203841
996.7994385,0.05763075501
997.0424194,0.01799088717
997.2853394,-0.0312041752
997.5283203,-0.007552703377
997.7712402,-0.06554611027
998.0142212,-0.01981993392
998.2571411,-0.03602907434
998.5001221,-0.05428801104
998.743103,-0.01638258621
998.986084,-0.06210876629
999.2290649,-0.06135191768
999.4719849,0.02975355089
999.7150269,-0.02782989852
999.9580078,-0.04873780161
1000.200989,-0.0343892388
1000.44397,0.01537345629
1000.686951,-0.04457513988
1000.929993,-0.04864319414
1001.172974,0.004115356132
1001.416016,-0.01272449177
1001.658997,0.01496349834
1001.902039,-0.0001734441321
1002.145081,-0.04145314544
1002.388123,0.04807555676
1002.631165,-0.05457182974
1002.874207,-0.03602907434
1003.117249,-0.009444820695
1003.360291,-0.05390958861
1003.603333,-0.05690544099
1003.846375,-0.04470128193
1004.089417,-0.0156888105
1004.33252,-0.05129215866
1004.575562,0.002633197233
1004.818665,0.006732785609
1005.061707,-0.0006780088879
1005.30481,-0.05608552322
1005.547852,-0.07185316831
1005.790955,-0.04299837723
1006.034058,0.01291370392
1006.277161,-0.05860834569
1006.520264,0.06273946911
1006.763367,0.04514277726
1007.00647,-0.04596269503
1007.249573,-0.03498841077
1007.492676,-0.04835937545
1007.73584,-0.01950458065
1007.978943,0.008845650591
1008.222107,-0.0398763828
1008.46521,-0.03344318271
1008.708374,0.03464152291
1008.951477,-0.02855521068
1009.194641,-0.01102158614
1009.437805,-0.08509799838
1009.680969,-0.05466643721
1009.924072,-0.02719919197
1010.167236,0.01799088717
1010.4104,-0.06958263367
1010.653564,0.001245644176
1010.89679,-0.01395436842
1011.139954,0.01278756279
1011.383118,-0.04145314544
1011.626343,0.001182573615
1011.869507,-0.03498841077
1012.112671,-0.03306475654
1012.355896,-0.0551710017
1012.599121,-0.0198514685
1012.842285,-0.02272118069
1013.08551,-0.03473612666
1013.328735,-0.0123460684
1013.57196,-0.05800917745
1013.815186,-0.007111209445
1014.058411,-0.06816354394
1014.301636,-0.03486226872
1014.544861,-0.01556266844
1014.788086,0.003484650282
1015.031311,0.00808880385
1015.274597,-0.03858343512
1015.517822,0.02057678066
1015.761047,-0.0276406873
1016.004333,-0.02710458636
1016.24762,-0.02641081065
1016.490845,-0.02713612281
1016.734131,-0.03278094158
1016.977417,-0.02366723865
1017.220642,-0.02751454525
1017.463928,-0.02905977517
1017.707214,-0.008908720687
1017.9505,-0.03978177533
1018.193787,-0.0633386448
1018.437134,-0.02287885733
1018.68042,-0.01256681513
1018.923706,-0.04533198848
1019.166992,-0.03410542384
1019.410339,-0.002286308911
1019.653625,-0.01881080307
1019.896973,-0.05006228387
1020.140259,-0.01846391521
1020.383606,-0.03703820333
1020.626953,-0.05094527081
1020.8703,-0.03978177533
1021.113586,-0.055896312
1021.356934,-0.02590624616
1021.600281,-0.05160751194
1021.843628,-0.07409217954
1022.086975,-0.05914444849
1022.330383,-0.06144652516
1022.57373,0.01959918626
1022.817078,-0.008877186105
1023.060425,-0.04788634554
1023.303833,4.730294313E-05
1023.54718,-0.05725232884
1023.790588,0.02499172278
1024.033936,-0.0575992167
1024.277344,-0.01840084605
1024.520752,-0.03464152291
1024.76416,-0.1901420653
1025.007568,-0.1914034784
1025.250977,-0.1925072074
1025.494385,-0.1920657158
1025.737793,-0.1932325214
1025.981201,-0.1939893663
