data,wave
-0.001473824261,200.1119995
0.0005699998583,200.3113098
0.00114227063,200.5106506
0.01509477664,200.7100067
0.003976373468,200.9093781
-0.003490397474,201.1087646
0.002668326022,201.3081818
-0.002400357975,201.5076294
0.001987051219,201.707077
0.006156452466,201.9065552
0.009617327712,202.1060486
-0.0001657768444,202.3055725
0.0093720695,202.5051117
0.002504820004,202.7046661
-0.002836373635,202.9042511
0.00653796643,203.1038513
-0.001446573297,203.3034668
-0.007196531631,203.5031128
0.002177808201,203.702774
-0.002236851957,203.9024506
0.00776426075,204.1021576
-0.000983306556,204.3018799
-0.005888484418,204.5016174
-0.001991593046,204.7013702
-0.000411035755,204.9011536
-0.008014061488,205.1009674
0.00424888311,205.3007813
0.003785616485,205.5006256
0.008854300715,205.7005005
0.005883942358,205.9003754
0.002886333968,206.1002808
0.0007880077465,206.3002167
0.002014302183,206.5001526
0.00272282795,206.700119
0.01206991728,206.900116
-0.01125692949,207.1001129
0.008963304572,207.3001404
-0.002591114724,207.5001984
0.007328244857,207.7002563
-0.002672867849,207.9003448
0.004766651895,208.1004486
0.004984660074,208.3005829
0.003921871539,208.5007324
-0.004634939134,208.7008972
0.006483464502,208.9010925
0.0093720695,209.1013031
-0.0008198005962,209.3015289
0.004548644181,209.5017853
0.006892228965,209.7020569
0.01054386143,209.9023438
-0.003408644581,210.1026611
-0.002209600993,210.3029785
-0.008940595202,210.5033417
0.009862586856,210.7037048
0.0006517528091,210.9040985
-0.001283067395,211.1045074
0.01378672943,211.3049469
0.005992946681,211.5054016
-0.002182350028,211.7058716
0.003758365521,211.9063568
-0.002536612796,212.1068726
-0.006651511882,212.3074036
0.01106163021,212.5079651
-0.007142029703,212.7085419
0.000215736989,212.9091339
0.007164739072,213.1097412
-0.00237310701,213.310379
-0.005261711776,213.5110321
0.001033266657,213.7117157
-0.004553185776,213.9123993
-0.004798444919,214.1131134
0.004494142253,214.313858
0.003949122503,214.5146027
0.000351991941,214.7153778
0.01095262635,214.9161835
-0.006433504168,215.1169891
0.001115019666,215.3178253
0.001714541344,215.518692
0.005747687537,215.7195587
0.01127963793,215.9204559
0.004793902859,216.1213837
-0.002536612796,216.3223114
-0.009294858202,216.5232697
0.002041553147,216.7242432
0.006864978001,216.9252472
0.006592468359,217.1262665
-0.00256386376,217.327301
-0.005152707919,217.5283508
0.00863629207,217.7294312
0.03689556569,217.9305267
0.02291581035,218.1316528
-0.001419322332,218.3327789
-0.005670476705,218.5339355
-0.005070954561,218.7351227
-0.0002202788164,218.9363098
0.007055735216,219.1375275
0.007927767001,219.3387756
-0.009567367844,219.5400238
0.003921871539,219.7413025
0.003540357575,219.9425964
-0.004416930955,220.1439209
-0.001283067395,220.3452606
-0.003653903259,220.5466156
-0.009240356274,220.7479858
0.01389573328,220.9493866
-0.0021278481,221.1508026
-0.00458043674,221.3522491
-0.003653903259,221.5536957
-0.008695336059,221.755188
-0.002727369778,221.9566803
-0.003163385671,222.1582031
-0.007550794631,222.359726
0.003186094807,222.5612946
0.01476776507,222.7628632
0.01326896064,222.9644623
0.005120914895,223.1660767
-0.008913343772,223.3677216
0.001796294353,223.5693817
-0.005098205525,223.7710571
0.01133413985,223.9727478
0.0003247409477,224.174469
0.0002429879823,224.3762054
0.0126694385,224.5779572
-0.009512865916,224.7797394
0.002395816147,224.9815369
-0.004471432883,225.1833496
0.00193254929,225.3851929
0.001278525568,225.5870514
0.007191990037,225.7889252
0.003513106611,225.9908142
-0.0007925495738,226.1927338
0.0002702389611,226.3946686
0.0008152587106,226.5966187
0.006864978001,226.7985992
0.0007880077465,227.0005951
-0.001528326306,227.2026062
0.01269668993,227.4046478
0.002368565183,227.6067047
0.007900515571,227.8087769
-0.001146812458,228.0108643
0.004276134074,228.2129822
-0.004907448776,228.4151154
-0.0003020317818,228.6172791
-0.001746334136,228.8194427
0.0005972508225,229.021637
0.001414780505,229.2238617
-0.0001385258511,229.4260864
-0.0002202788164,229.6283417
-0.001065059449,229.8306122
-0.005016452633,230.0329132
0.00272282795,230.2352142
0.002886333968,230.437561
0.01343246643,230.6399078
-5.6772893E-05,230.8422852
-0.0007380475872,231.0446625
-0.0009560555336,231.2470856
0.004303385038,231.4495087
0.011225136,231.6519623
0.000215736989,231.8544312
0.000215736989,232.0569305
0.002831831807,232.2594299
-0.0007380475872,232.4619598
-0.003544899402,232.6645203
-0.004280676134,232.8670807
0.0002702389611,233.0696716
0.01250593271,233.2722778
0.001469282433,233.4749146
-0.01384577341,233.6775665
-2.270915729E-06,233.8802338
-0.001610079198,234.0829163
-0.005779480562,234.2856293
0.008418284357,234.4883575
-0.003245138563,234.6911011
0.002777329879,234.8938599
0.01534003578,235.0966492
0.008718045428,235.2994537
-0.000520039699,235.5022736
0.005366173573,235.7051239
0.005039162003,235.9079895
0.0032678477,236.1108704
0.009208562784,236.3137817
0.008391033858,236.5167084
0.001414780505,236.7196503
0.004303385038,236.9226074
0.002940835897,237.1255951
-0.003027130617,237.328598
-0.003408644581,237.5316162
0.007791511714,237.7346649
-0.00370840542,237.9377136
0.009508323856,238.1408081
0.00168729038,238.3439026
0.00381286745,238.5470276
-0.001964342082,238.7501678
0.00381286745,238.9533234
0.00495740911,239.1564941
0.003131592646,239.3596954
0.0101350965,239.562912
0.006156452466,239.7661591
0.006565217394,239.9694061
0.007464499678,240.1726837
-2.952190334E-05,240.3759766
0.004494142253,240.5792999
0.001714541344,240.7826385
0.004875656217,240.9859924
-0.00370840542,241.1893616
-0.001582828234,241.3927612
0.001333027496,241.5961761
0.001442031469,241.7996063
0.002968086861,242.0030518
0.004548644181,242.2065277
0.005011911038,242.4100189
0.009535575286,242.6135254
0.00708298618,242.8170624
-0.000710796623,243.0206146
-0.00155557727,243.2241821
-0.007850555703,243.4277649
-0.00370840542,243.6313782
0.003921871539,243.8350067
-0.0009560555336,244.0386505
0.002232310129,244.2423248
-0.002482110867,244.4460144
0.001414780505,244.6497192
0.008064021356,244.8534393
0.008091272786,245.0571899
-0.00237310701,245.2609558
0.003077090718,245.4647369
0.007709758822,245.6685333
0.002831831807,245.8723602
0.01190641057,246.0762024
0.006701472215,246.2800598
0.002831831807,246.4839478
-0.001528326306,246.687851
-0.001092310413,246.8917694
-0.001719083171,247.0957031
-0.0005745416856,247.2996674
-0.006597009953,247.5036316
0.007110237144,247.7076416
-0.008831591345,247.9116516
0.001632788335,248.1156921
0.002259561094,248.3197479
0.00405812636,248.523819
0.01291469764,248.7279205
2.498007234E-05,248.9320221
-0.001146812458,249.1361542
0.01256043464,249.3403168
-0.0003837847617,249.5444794
0.007791511714,249.7486725
0.008418284357,249.9528809
0.00528442068,250.1571198
0.001469282433,250.3613586
0.005311671644,250.5656281
0.008064021356,250.7699127
0.007818763144,250.9742279
0.002586572897,251.1785583
-0.001528326306,251.3829041
0.002886333968,251.587265
0.003458604682,251.7916412
0.008009519428,251.996048
-0.001310318359,252.20047
-0.003163385671,252.4049225
0.006265456323,252.609375
0.01525828242,252.813858
0.002068804111,253.0183563
-0.003408644581,253.2228851
-0.005316213705,253.4274139
-0.002890875796,253.6319733
0.004766651895,253.8365479
-0.01133868191,254.041153
0.004793902859,254.2457581
2.498007234E-05,254.4503937
0.007055735216,254.6550446
0.009317567572,254.859726
0.0007062547957,255.0644226
0.006646970287,255.2691345
0.007300993893,255.4738617
-0.002073345939,255.6786041
-0.0009560555336,255.8833771
-0.004798444919,256.0881653
-0.002700118814,256.2929688
0.003540357575,256.4978027
0.007982268929,256.7026367
0.004984660074,256.9075012
-0.005152707919,257.1123962
-0.0006562946364,257.3172913
0.009644579142,257.5222168
0.01089812443,257.7271729
-0.005070954561,257.9321289
-0.001691832207,258.1371155
-0.005861233454,258.3421021
-0.002318604849,258.5471191
-0.006406253204,258.7521667
-0.000983306556,258.9572144
2.498007234E-05,259.1622925
0.01144314464,259.3674011
0.002259561094,259.5725098
0.0006517528091,259.7776489
-0.002209600993,259.9827881
-8.402387903E-05,260.1879578
0.01185190864,260.393158
2.498007234E-05,260.5983582
-0.000983306556,260.8035889
0.01247868221,261.0088501
0.001523784478,261.2141113
-0.003299640492,261.4194031
-0.000520039699,261.6246948
0.008282030001,261.8300171
0.009562825784,262.0353699
-0.001964342082,262.2407227
-0.003599401331,262.446106
-0.001528326306,262.6515198
-0.004825695883,262.8569336
0.007300993893,263.0623779
-0.00795955956,263.2678223
0.004902907182,263.4732971
0.01029860228,263.6788025
-0.008395574987,263.8843079
0.001414780505,264.0898438
-0.002591114724,264.2954102
-0.003163385671,264.5009766
-0.007578045595,264.7065735
-0.004144421313,264.9121704
0.001278525568,265.1177979
0.00114227063,265.3234558
-0.003490397474,265.5291138
0.005120914895,265.7348022
0.0009242626838,265.9405212
-0.000983306556,266.1462402
0.004575895146,266.3519897
-2.270915729E-06,266.5577393
0.006374460179,266.7635193
0.001060517621,266.9693298
0.006428962573,267.1751404
0.009671829641,267.3809814
-0.0003292827751,267.5868225
-0.001937091118,267.7927246
0.006701472215,267.9985962
-0.00237310701,268.2045288
0.01057111286,268.4104614
0.001196772559,268.616394
-0.0008743025246,268.8223877
0.004793902859,269.0283508
0.003622110467,269.234375
0.0130237015,269.4403992
-0.00180083618,269.6464539
0.003513106611,269.8525085
0.01645732671,270.0585938
-0.005561472382,270.2647095
-0.002400357975,270.4708252
0.002096055308,270.6769714
0.003104341682,270.8831177
0.0108436225,271.0892944
0.001714541344,271.2955017
0.002014302183,271.501709
-0.002155099064,271.7079468
0.0104893595,271.9141846
0.004575895146,272.1204529
-0.001937091118,272.3267517
0.007191990037,272.5330811
-0.002700118814,272.7394104
0.0008697606972,272.9457397
0.009998842143,273.1520996
0.001033266657,273.35849
-0.0009560555336,273.5649109
0.01711134985,273.7713318
0.001087768585,273.9777527
0.009481073357,274.1842346
0.007491751108,274.3907166
0.002123306273,274.5971985
-0.007223783061,274.8037109
0.002395816147,275.0102539
-0.00237310701,275.2167969
-0.005752229597,275.4233704
-0.002618365688,275.6299744
-0.003027130617,275.8365784
-0.005261711776,276.0432129
-0.0114749372,276.2498779
0.009671829641,276.456543
0.005802189466,276.663208
0.002995337825,276.8699341
-0.009104100987,277.0766602
0.0006245018449,277.2833862
0.004630397074,277.4901428
0.01166115236,277.6969299
-0.001146812458,277.903717
0.00136027846,278.1105347
-0.00237310701,278.3173828
-0.001392071368,278.524231
-0.006406253204,278.7311096
-0.007196531631,278.9379883
0.004357887432,279.1448975
-0.0008470515604,279.3518372
-0.009649121203,279.5587769
-2.270915729E-06,279.7657471
0.003867369378,279.9727478
0.005556930788,280.1797485
-0.001691832207,280.3867798
0.005447926931,280.593811
-0.002291353885,280.8008728
0.005856691394,281.0079346
0.004548644181,281.2150269
-0.00280912267,281.4221497
-0.0001385258511,281.629303
-0.006924021989,281.8364563
0.004821153823,282.0436096
0.0006517528091,282.2507935
0.01133413985,282.4580078
-0.001719083171,282.6652527
0.00272282795,282.8724976
0.009917088784,283.0797424
0.008745295927,283.2870483
0.003458604682,283.4943542
-0.005016452633,283.7016602
0.003540357575,283.9089966
0.001169521594,284.1163635
0.01065286528,284.3237305
0.006864978001,284.5311279
0.006292707287,284.7385559
-0.005915735383,284.9459839
0.01018959843,285.1534119
-0.006869520061,285.3609009
0.0137322275,285.5683899
0.005420675967,285.7758789
0.0004337448918,285.9833984
-0.0001112748723,286.1909485
0.009726331569,286.3985291
0.01024410035,286.6061096
0.008118523285,286.8136902
-0.001337569323,287.0213013
0.009426571429,287.2289429
0.002504820004,287.436615
0.002750078915,287.6442871
0.005529679824,287.8519592
-0.005452468526,288.0596619
-0.00460768817,288.267395
-0.006842269097,288.4751587
-0.0007925495738,288.6829224
0.007137488108,288.890686
-0.002945377724,289.0985107
-0.002318604849,289.3063354
0.007600754965,289.5141602
0.008472786285,289.7220154
0.004030875396,289.9299011
0.003458604682,290.1377869
0.0005427488359,290.3457031
-0.007114778738,290.5536499
-0.0008470515604,290.7615967
0.01275119185,290.9695435
-0.002209600993,291.1775513
0.008799798787,291.3855591
-0.003381393384,291.5935669
0.01097987778,291.8016052
0.002177808201,292.0096741
-0.002781871706,292.2177429
-0.004389679991,292.4258423
0.009317567572,292.6339722
-0.004089919385,292.8421021
0.004902907182,293.0502625
-0.008967845701,293.2584229
0.0032678477,293.4666138
-0.003081632545,293.6748047
0.01479501557,293.8830566
0.0003247409477,294.0912781
-0.002236851957,294.2995605
0.01089812443,294.507843
-0.003136134474,294.7161255
0.002831831807,294.9244385
-0.001528326306,295.132782
-0.004771193955,295.3411255
0.00405812636,295.5494995
-0.00583398249,295.7579041
0.001850796281,295.9663086
-0.004171672277,296.1747437
0.004821153823,296.3831787
0.002286812058,296.5916443
0.002259561094,296.8001404
0.0009787646122,297.0086365
-0.01449979655,297.2171326
-0.001146812458,297.4256897
-0.0004927887348,297.6342468
0.002886333968,297.842804
0.006292707287,298.0513916
-0.0005745416856,298.2600098
-0.001746334136,298.4686584
-0.006951272953,298.6773071
0.004112628289,298.8859558
0.0032678477,299.094635
-0.000710796623,299.3033447
-0.004171672277,299.5120544
-0.000411035755,299.7207947
-0.001065059449,299.9295654
-0.007687049452,300.1383362
0.004848405253,300.3471375
0.009426571429,300.5559387
-0.00637900224,300.7647705
-0.0003292827751,300.9736023
0.004466891289,301.1824646
0.0001884860103,301.3913574
-0.003871911205,301.6002502
0.001741792308,301.8091736
-0.002454859903,302.0181274
0.007164739072,302.2270813
0.0005427488359,302.4360657
0.002804580843,302.64505
-0.004880197812,302.8540649
-0.001637330279,303.0630798
-0.001773585216,303.2721252
-0.004689441063,303.4812012
-0.001719083171,303.6902771
-0.001419322332,303.8993835
0.01558529399,304.1085205
-0.003572150366,304.3176575
-0.005615974311,304.5267944
0.0005427488359,304.7359619
-0.005588723347,304.9451599
-0.004144421313,305.1543884
-0.004335178062,305.3636169
0.003049839754,305.5728455
0.005556930788,305.7821045
0.004575895146,305.991394
0.006428962573,306.2007141
-0.002427608939,306.4100342
0.006946731359,306.6193542
0.006047448609,306.8287048
0.001496533398,307.0380859
0.003840118414,307.247467
-0.008014061488,307.4568787
0.003894620342,307.6663208
0.005911193788,307.8757629
0.008418284357,308.0852356
0.0005154978717,308.2947083
-0.00760529656,308.5042114
0.003213345772,308.7137146
0.003022588789,308.9232483
-0.003762907349,309.1328125
-0.001174063422,309.3423767
0.01558529399,309.5519714
0.009099558927,309.7615967
-0.002318604849,309.9712219
0.01291469764,310.1808472
-0.008204818703,310.3905334
-0.004171672277,310.6001892
0.006973982323,310.809906
0.001033266657,311.0196228
-0.0004927887348,311.2293396
0.005148165859,311.4390869
0.002886333968,311.6488647
-0.007632547524,311.8586426
0.001523784478,312.0684509
-0.006079241168,312.2782898
-0.003980915062,312.4881287
-0.002781871706,312.697998
0.0007607567823,312.9078674
-0.004117170349,313.1177673
0.007219241001,313.3276672
-0.001691832207,313.5375977
-0.005697727669,313.7475586
0.006401711144,313.9575195
0.003594859503,314.167511
0.0008697606972,314.3775024
-0.002291353885,314.5875244
-0.009185854346,314.7975769
-0.004362429027,315.0076294
0.007709758822,315.2177124
0.0003792429343,315.4277954
-0.001473824261,315.6379089
-0.004444181919,315.8480225
0.005693185609,316.058197
-0.004144421313,316.2683411
0.00776426075,316.4785156
-0.004907448776,316.6887207
0.002777329879,316.8989563
-0.0004382867191,317.1091919
-0.001119561493,317.3194275
0.005066412967,317.5296936
0.007982268929,317.7399902
-0.004280676134,317.9503174
0.01242417935,318.160614
-0.005316213705,318.3709717
-0.001201314386,318.5813293
0.002913584933,318.7917175
-0.006869520061,319.0021057
0.008827049285,319.2125244
0.006565217394,319.4229431
-0.0006835456006,319.6333923
0.005338922609,319.8438721
0.003594859503,320.0543518
0.00193254929,320.2648621
0.004003624432,320.4753723
-0.005806731526,320.6859131
-0.00406266842,320.8964844
0.006755974144,321.1070557
-0.004798444919,321.317627
0.00272282795,321.5282593
0.006456213538,321.7388611
0.001523784478,321.9495239
0.009317567572,322.1601868
0.004766651895,322.3708496
0.005556930788,322.5815735
0.009290316142,322.7922668
0.002068804111,323.0030212
0.00136027846,323.2137756
-0.004798444919,323.42453
-0.002754620742,323.6353149
0.008091272786,323.8461304
0.008036770858,324.0569458
0.008200276643,324.2677917
0.01236967742,324.4786377
0.003921871539,324.6895142
0.0004337448918,324.9004211
0.000215736989,325.1113281
0.001115019666,325.3222656
-0.000710796623,325.5332031
0.007927767001,325.7441711
0.002177808201,325.9551392
-0.004634939134,326.1661377
0.004303385038,326.3771667
0.005502428859,326.5881958
0.005693185609,326.7992554
0.004575895146,327.0103149
-0.004852946848,327.221405
-0.003136134474,327.4324951
0.005311671644,327.6436157
-0.008177567273,327.8547668
-0.0003565337684,328.065918
0.0005154978717,328.2770996
0.01424999628,328.4883118
-0.007114778738,328.6994934
-0.0002747807885,328.9107361
0.0007062547957,329.1219788
0.006674221251,329.333252
-0.008259320632,329.5445251
-0.001092310413,329.7558289
0.004821153823,329.9671326
0.003594859503,330.1784668
0.001305776532,330.3898315
0.004902907182,330.6011963
0.0008152587106,330.8125916
-0.004198923241,331.0239868
0.01471326314,331.2354126
-0.002400357975,331.4468384
-0.00583398249,331.6582947
0.002913584933,331.8697815
-0.002700118814,332.0812683
0.0002702389611,332.2927856
-0.006706014276,332.504303
0.001905298326,332.7158508
0.007927767001,332.9273987
-0.004117170349,333.1389771
-0.005043703597,333.3505859
0.003731114557,333.5621948
-0.001691832207,333.7738342
0.006973982323,333.9854736
-0.007741551846,334.1971436
0.01040760707,334.408844
0.003131592646,334.6205444
0.002341313986,334.8322449
-0.002945377724,335.0439758
0.004085377324,335.2557373
-0.00618824549,335.4674988
0.004875656217,335.6792908
-0.000710796623,335.8911133
0.02029971592,336.1029358
-0.001991593046,336.3147888
0.0005427488359,336.5266418
-0.001419322332,336.7384949
-0.0002202788164,336.9504089
-0.0001657768444,337.162323
-0.004008166026,337.3742371
0.009099558927,337.5861816
-0.005779480562,337.7981567
-0.003408644581,338.0101318
0.009753582999,338.2221375
-0.0001385258511,338.4341431
-0.0008470515604,338.6461792
0.007682507858,338.8582153
0.009481073357,339.070282
0.00441238936,339.2823792
-0.006651511882,339.4944763
0.008854300715,339.706604
0.002450318076,339.9187317
-0.004689441063,340.1308899
0.001251274603,340.3430786
-0.00122856535,340.5552673
0.00247756904,340.7674561
-0.002400357975,340.9796753
0.001333027496,341.191925
0.009917088784,341.4041748
-0.003190636635,341.6164551
-0.006842269097,341.8287659
-0.004416930955,342.0410767
0.003894620342,342.2533875
0.006265456323,342.4657288
0.01204266585,342.6781006
-0.006597009953,342.8904724
0.006701472215,343.1028748
-0.008150316775,343.3152771
-0.001746334136,343.52771
-8.402387903E-05,343.7401733
0.007600754965,343.9526367
-0.003980915062,344.1651306
0.009699081071,344.3776245
0.004902907182,344.5901489
0.006483464502,344.8026733
0.0032678477,345.0152283
-0.003381393384,345.2277832
0.005911193788,345.4403687
0.0005427488359,345.6529846
0.002668326022,345.8656006
0.006265456323,346.0782471
0.00247756904,346.2908936
0.008036770858,346.5035706
0.04297253862,346.7162476
-0.001174063422,346.9289551
0.008718045428,347.1416931
-0.003435895545,347.3544312
0.005720436573,347.5671997
0.006401711144,347.7799683
0.003158843843,347.9927673
0.006783225108,348.2055664
0.011225136,348.418396
0.002940835897,348.6312561
0.008554539643,348.8441162
-0.0003292827751,349.0569763
0.00136027846,349.2698669
0.01318720728,349.4827881
0.004875656217,349.6957092
0.01040760707,349.9086609
0.002341313986,350.1216431
0.002968086861,350.3346252
0.008391033858,350.5476074
-0.001283067395,350.7606201
-0.005888484418,350.9736633
0.002613823861,351.1867065
-0.004280676134,351.3997803
0.006156452466,351.6128845
-0.008068563417,351.8259583
-0.007687049452,352.039093
-0.005425217561,352.2522278
-0.0005472906632,352.4653931
-0.002781871706,352.6785583
-0.00760529656,352.8917236
0.00193254929,353.10495
-0.007905057631,353.3181763
-0.00370840542,353.5314026
-0.006051990204,353.7446594
0.01422274485,353.9579163
0.001632788335,354.1712036
0.003649361432,354.3845215
0.009208562784,354.5978394
0.01018959843,354.8111877
-0.005043703597,355.0245361
-0.005997488275,355.237915
0.001523784478,355.4513245
0.003594859503,355.6647339
0.005774938501,355.8781433
-0.001528326306,356.0915833
0.009808084927,356.3050537
0.006292707287,356.5185242
-0.001937091118,356.7320251
-0.001882589073,356.9455261
0.001060517621,357.1590576
0.001414780505,357.3725891
0.01318720728,357.5861511
-0.002536612796,357.7997437
0.007927767001,358.0133362
0.01032585371,358.2269592
0.0007335057599,358.4405823
-8.402387903E-05,358.6542358
-0.004471432883,358.8678894
-0.002209600993,359.0815735
-0.00458043674,359.2952576
-0.001855338109,359.5089722
0.005584181752,359.7227173
0.0003247409477,359.9364624
0.003649361432,360.150238
-2.270915729E-06,360.3640137
0.006319958251,360.5778198
-0.00864083413,360.791626
-0.003572150366,361.0054626
-0.001419322332,361.2192993
-0.002400357975,361.4331665
-0.00335414242,361.6470642
0.002314063022,361.8609619
-0.00493469974,362.0748596
0.008718045428,362.2888184
-0.006024739239,362.5027466
0.007001233287,362.7167358
0.003840118414,362.9307251
0.004276134074,363.1447144
0.002286812058,363.3587341
0.004167130217,363.5727539
-0.002672867849,363.7868042
0.001496533398,364.000885
-0.005016452633,364.2149658
0.00424888311,364.4290771
-0.0002747807885,364.6431885
0.008145774715,364.8573303
0.01479501557,365.0714722
-0.004471432883,365.2856445
0.002177808201,365.4998474
-0.0004382867191,365.7140503
0.002423067112,365.9282532
0.01970019378,366.1424866
-0.007796053775,366.3567505
0.00136027846,366.5710144
-0.004525934812,366.7853088
-0.00101055752,366.9996033
-0.006079241168,367.2139282
0.00247756904,367.4282837
-0.008341073059,367.6426392
0.0130237015,367.8569946
0.003049839754,368.0713806
0.002559321932,368.2857971
0.0004064938985,368.5002136
-0.0021278481,368.7146606
-0.004198923241,368.9291077
0.002532070968,369.1435852
0.001414780505,369.3580627
-0.001146812458,369.5725708
-0.00335414242,369.7871094
-0.004662190098,370.0016479
-0.006869520061,370.2161865
0.005338922609,370.4307556
0.001442031469,370.6453552
0.004875656217,370.8599548
0.007927767001,371.074585
-0.0007652986096,371.2892151
-0.0008198005962,371.5038757
0.005911193788,371.7185364
0.006265456323,371.9332275
0.000351991941,372.1479492
-0.001255816431,372.3626709
-0.0005472906632,372.5773926
0.002014302183,372.7921448
0.008064021356,373.0069275
0.00495740911,373.2217102
0.009644579142,373.4365234
-0.004171672277,373.6513367
0.00833653193,373.8661804
-0.003517648438,374.0810242
0.0009515137062,374.2958984
0.004902907182,374.5108032
-0.0001385258511,374.725708
-0.005070954561,374.9406128
0.006510715466,375.1555481
0.0008152587106,375.3705139
0.006565217394,375.5854797
-0.004307927098,375.8004761
-0.002727369778,376.0154724
0.002559321932,376.2304993
0.0104893595,376.4455261
-0.0008198005962,376.6605835
-0.006024739239,376.8756714
-0.008613583632,377.0907593
0.001523784478,377.3058472
-0.003190636635,377.5209656
-0.008232069202,377.7361145
0.002613823861,377.9512634
-0.01035764627,378.1664429
0.003349600593,378.3816223
0.008282030001,378.5968323
0.01147039514,378.8120422
-0.006351751275,379.0272827
0.00272282795,379.2425232
0.00381286745,379.4577942
-0.01013963856,379.6730957
0.009426571429,379.8883972
-0.005043703597,380.1036987
-0.005806731526,380.3190308
0.01024410035,380.5343933
-0.004907448776,380.7497559
-0.005588723347,380.9651489
-0.008722587489,381.180542
-0.005888484418,381.3959656
-0.0001385258511,381.6113892
-0.001664581243,381.8268433
0.009889838286,382.0423279
-0.007087527774,382.2578125
0.009126810357,382.4732971
-0.005207209848,382.6888123
0.00272282795,382.9043579
0.003921871539,383.1199036
0.002150557237,383.3354797
-0.001146812458,383.5510559
0.013759478,383.7666321
-0.005261711776,383.9822693
-0.004907448776,384.1979065
0.0004882468784,384.4135437
0.01070736721,384.6292114
0.002096055308,384.8448792
-0.001610079198,385.0605774
0.001823545317,385.2763062
-0.004008166026,385.4920349
0.0007880077465,385.7077637
-0.01469055377,385.9235229
0.00528442068,386.1393127
0.001169521594,386.3551025
0.005693185609,386.5709229
-0.0001112748723,386.7867432
0.01217892114,387.002594
5.2231062E-05,387.2184448
0.004521393217,387.4343262
0.006646970287,387.6502075
0.002177808201,387.8661194
-0.001037808484,388.0820618
-0.001037808484,388.2980042
-0.005070954561,388.5139465
0.0005972508225,388.7299194
0.004194381181,388.9459229
-0.003163385671,389.1619263
0.0001339840237,389.3779602
0.002886333968,389.5939941
-0.0111206742,389.8100586
0.001878047246,390.026123
0.0006517528091,390.242218
0.004303385038,390.458313
-0.002972628688,390.6744385
0.003404102521,390.890564
0.007164739072,391.10672
-0.00637900224,391.3229065
0.005202667788,391.539093
0.005311671644,391.7552795
0.00618370343,391.9714966
-0.01267398056,392.1877441
0.002368565183,392.4039917
-0.007523543667,392.6202698
-0.005016452633,392.8365479
-0.004634939134,393.0528564
-0.009458363988,393.269165
0.005529679824,393.4855042
-0.00406266842,393.7018433
-0.002727369778,393.9182129
-0.004280676134,394.1345825
0.004548644181,394.3509827
0.002831831807,394.5674133
-0.002182350028,394.7838135
0.007110237144,395.0002747
-0.003272389527,395.2167358
-0.006324500311,395.4332275
0.01002609264,395.6497192
0.000842509733,395.8662109
0.002205059165,396.0827332
0.0032678477,396.2992859
0.00114227063,396.5158386
0.002750078915,396.7324219
0.0007607567823,396.9490051
0.001605537371,397.1656189
-0.008940595202,397.3822327
0.004030875396,397.598877
-0.000411035755,397.8155518
0.005529679824,398.032196
0.002940835897,398.2489014
0.002205059165,398.4656067
0.003867369378,398.682312
-0.00460768817,398.8990479
-0.001882589073,399.1158142
0.003349600593,399.3325806
0.0007607567823,399.5493774
0.004030875396,399.7661743
-0.008695336059,399.9829712
-0.0008198005962,400.1997986
0.007355495822,400.4166565
-0.00637900224,400.6335144
-0.005207209848,400.8504028
-0.005970237311,401.0672913
0.009562825784,401.2842102
0.01163390093,401.5011597
0.0007062547957,401.7180786
0.003376851557,401.9350586
-0.001473824261,402.1520386
0.002532070968,402.3690186
-0.005670476705,402.5860291
-0.003136134474,402.8030701
-0.008259320632,403.0201111
0.007546253037,403.2371521
-0.00493469974,403.4542236
-2.270915729E-06,403.6713257
-0.0001112748723,403.8884277
-0.001528326306,404.1055298
0.001632788335,404.3226929
0.0007335057599,404.5398254
0.005257169716,404.7569885
0.008581790142,404.9741821
0.006401711144,405.1913757
0.01234242693,405.4085999
-0.006488006096,405.625824
-0.004335178062,405.8430786
0.0005699998583,406.0603638
-0.006051990204,406.2776184
-0.00389916217,406.4949341
0.001905298326,406.7122498
0.007273742929,406.9295654
-0.001065059449,407.1469116
-0.001201314386,407.3642883
-0.01106617227,407.581665
0.006510715466,407.7990417
-0.004280676134,408.016449
-0.0002202788164,408.2338867
0.01474051364,408.4513245
0.001905298326,408.6687622
0.002205059165,408.8862305
0.001769043389,409.1037292
0.001551035442,409.321228
0.006646970287,409.5387573
-0.003735656384,409.7562866
0.01245143078,409.9738464
-0.005452468526,410.1914063
-0.00280912267,410.4089966
-0.006160994526,410.6265869
-0.00237310701,410.8442078
0.00193254929,411.0618286
0.004984660074,411.27948
0.007791511714,411.4971313
0.0101350965,411.7148132
0.003376851557,411.9324951
0.005475177895,412.1502075
0.001414780505,412.3679504
-0.00370840542,412.5856934
0.0123151755,412.8034363
-0.007305535953,413.0212097
-0.005997488275,413.2390137
0.02989206277,413.4568176
-0.002754620742,413.6746216
0.00168729038,413.8924561
-0.003817409277,414.110321
-0.001582828234,414.328186
0.001823545317,414.546051
0.006864978001,414.7639771
0.002804580843,414.9818726
0.000215736989,415.1997986
0.002668326022,415.4177551
0.002014302183,415.6357117
-0.002863624599,415.8536987
0.0007607567823,416.0716858
-0.002345855813,416.2897034
0.002395816147,416.5077209
-0.001310318359,416.725769
0.0006790037733,416.9438171
-0.007877806202,417.1618958
0.004194381181,417.3799744
0.004303385038,417.5980835
0.008799798787,417.8161926
0.001632788335,418.0343323
-0.0001112748723,418.2524719
0.005011911038,418.4706421
0.01111613214,418.6888428
0.005529679824,418.9070129
-0.005506970454,419.1252441
-0.0007925495738,419.3434753
-0.0001657768444,419.5617065
-0.005125456955,419.7799683
0.010107846,419.9982605
0.003867369378,420.2165527
0.008227527142,420.434845
-0.005261711776,420.6531677
-0.001174063422,420.871521
0.005148165859,421.0898743
-0.004089919385,421.3082275
0.0006245018449,421.5266113
0.01296919957,421.7450256
-0.008150316775,421.9634399
0.007028484251,422.1818542
0.005665934645,422.4002991
0.005338922609,422.6187744
0.002150557237,422.8372498
0.01384123135,423.0557556
-0.0001930278377,423.2742615
-0.004144421313,423.4927673
0.006374460179,423.7113342
0.005338922609,423.9298706
0.004712149967,424.1484375
0.008745295927,424.3670349
0.008254778571,424.5856323
0.007900515571,424.8042603
0.007001233287,425.0228882
0.005584181752,425.2415466
0.0123151755,425.4602051
0.006565217394,425.678894
0.004466891289,425.897583
0.004085377324,426.1163025
0.011579399,426.335022
0.001387529541,426.553772
0.005011911038,426.772522
0.012642188,426.9913025
0.002368565183,427.210083
0.01147039514,427.428894
0.009562825784,427.6477051
0.008581790142,427.8665466
0.01566704735,428.0853882
0.01027135178,428.3042603
0.01433174871,428.5231628
0.01403198857,428.7420349
0.01111613214,428.960968
0.01574880071,429.1799011
0.009426571429,429.3988342
0.009835336357,429.6177979
0.00776426075,429.8367615
0.009181312285,430.0557556
0.02634943463,430.2747803
0.01405923907,430.4937744
0.01073461864,430.7128296
0.01427724678,430.9318848
0.02386959456,431.1509399
0.007737009786,431.3700256
0.01877366006,431.5891113
0.02089923806,431.8082275
0.01542178821,432.0273743
0.02133525349,432.246521
0.01890991442,432.4656677
0.02168951556,432.684845
0.02220728435,432.9040527
0.02264329977,433.12323
0.02504138835,433.3424683
0.02711246349,433.5617065
0.03215389699,433.7809448
0.03234465048,434.0002136
0.03209939227,434.2195129
0.03169062734,434.4388123
0.03190863505,434.6581116
0.04065620527,434.8774414
0.04032919183,435.0968018
0.04387181997,435.3161621
0.03395245969,435.5355225
0.03689556569,435.7549133
0.03686831519,435.9743347
0.04204600304,436.1937561
0.04120122269,436.4131775
0.04730544612,436.6326294
0.04967628047,436.8520813
0.05929588154,437.0715637
0.05962289125,437.2910767
0.04648791626,437.5105896
0.05395468697,437.7301025
0.05681604147,437.949646
0.05635277182,438.16922
0.05223787203,438.3887939
0.06153045967,438.6083679
0.06640838832,438.8279724
0.06035866961,439.0476074
0.06499134004,439.2672424
0.08153268695,439.4868774
0.07191308588,439.706543
0.08098766953,439.926239
0.07782655209,440.1459351
0.0795706138,440.3656311
0.0824047178,440.5853577
0.08036089689,440.8051147
0.09194256365,441.0248718
0.09692949802,441.2446289
0.09943658859,441.4644165
0.09483116865,441.6842346
0.09807403386,441.9040527
0.1109637544,442.1238708
0.1018074229,442.3437195
0.1196023151,442.5635986
0.1012896523,442.7834778
0.1143973768,443.0033569
0.1152421609,443.2232666
0.1172314808,443.4431763
0.1161414385,443.6631165
0.1306934655,443.8830872
0.1239897236,444.1030579
0.1248617545,444.3230286
0.1221366599,444.5430298
0.1266058236,444.7630615
0.125979051,444.9830627
0.1290584058,445.203125
0.1241532341,445.4231873
0.1260063052,445.6432495
0.1320015192,445.8633423
0.1365796775,446.0834656
0.1456542611,446.3035583
0.1476163268,446.5237122
0.1385962516,446.743866
0.1403675675,446.9640198
0.1524670124,447.1842041
0.1360346675,447.4043884
0.1561458856,447.6246033
0.1431199163,447.8448486
0.1460085213,448.0650635
0.1577809453,448.2853394
0.1509954631,448.5056152
0.1399043053,448.7258911
0.1296851784,448.9461975
0.1295216829,449.1665039
0.1436104327,449.3868408
0.1375607252,449.6071777
0.1386507601,449.8275452
0.1416756213,450.0479126
0.1398770511,450.2683105
0.1384872496,450.4887085
0.1239897236,450.709137
0.1293309182,450.9295654
0.1343723536,451.1500244
0.1300394386,451.3704834
0.1277776212,451.5909729
0.1543473303,451.8114624
0.1231721938,452.0319824
0.1169589683,452.2525024
0.1284043938,452.473053
0.1140431166,452.6936035
0.1067126021,452.9141846
0.1185940281,453.1347656
0.1064400896,453.3553467
0.111590527,453.5759888
0.105813317,453.7966003
0.1000088602,454.0172424
0.09646622837,454.237915
0.0929235965,454.4585876
0.09352312237,454.6792908
0.09526718408,454.8999939
0.09703850001,455.120697
0.08780041337,455.3414307
0.08611085266,455.5621948
0.09553969651,455.782959
0.07398416102,456.0037231
0.07869858295,456.2245178
0.08232296258,456.445343
0.07575547695,456.6661682
0.06796169281,456.8869934
0.06894273311,457.1078491
0.07455643266,457.3287354
0.07068679482,457.5496216
0.07610973716,457.7705078
0.06834320724,457.9914246
0.06545460224,458.2123413
0.06294751167,458.4332886
0.06103994325,458.6542664
0.05395468697,458.8752136
0.05395468697,459.0962219
0.05207436904,459.3172302
0.05261938646,459.5382385
0.04490735754,459.7592773
0.05365492404,459.9803162
0.03681381419,460.2013855
0.04760520533,460.4224548
0.05068456754,460.6435547
0.04888600111,460.8646545
0.03362544999,461.0857849
0.04373556376,461.3069153
0.03929365426,461.5280457
0.04831373319,461.7492371
0.03264441341,461.9703979
0.03665030748,462.1915894
0.02501413599,462.4128113
0.04022018984,462.6340332
0.02692170627,462.8552856
0.02861126699,463.0765381
0.03697732091,463.2977905
0.0273304712,463.5190735
0.02239804156,463.740387
0.02130800113,463.9617004
0.01599405892,464.1830139
0.02852951363,464.4043579
0.04101046547,464.6257324
0.01863740571,464.8470764
0.01683883928,465.0684814
0.02226178721,465.2898865
0.02133525349,465.5112915
0.02141700685,465.7327271
0.01825589128,465.9541626
0.02643118799,466.1756287
0.01831039414,466.3970947
0.02340632863,466.6185913
0.02182576992,466.8400879
0.01550354157,467.061615
0.01476776507,467.2831421
0.01217892114,467.5046997
0.01643007435,467.7262573
0.007055735216,467.9478455
0.01272394042,468.1694336
0.0126694385,468.3910522
0.01645732671,468.6126709
0.00381286745,468.8342896
0.004330636468,469.0559387
0.02106274292,469.2776184
-0.0006835456006,469.4992981
0.01277844235,469.7209778
0.008173025213,469.942688
0.02261604927,470.1644287
0.01326896064,470.3861694
0.008827049285,470.6079102
0.006101950537,470.8296814
0.00618370343,471.0514526
0.009045056999,471.2732544
0.007328244857,471.4950562
0.009835336357,471.7168884
0.008881551214,471.9387207
0.007164739072,472.1605835
0.01487676892,472.3824463
0.013759478,472.6043396
0.0001339840237,472.8262329
0.002504820004,473.0481567
-0.001882589073,473.2700806
0.01245143078,473.4920349
0.001251274603,473.7139893
0.01008059457,473.9359436
0.004766651895,474.1579285
0.01133413985,474.3799438
-0.002291353885,474.6019592
0.002804580843,474.8239746
0.002395816147,475.0460205
0.003976373468,475.2680664
-0.005016452633,475.4901428
0.01206991728,475.7122498
-0.005070954561,475.9343567
-0.008041312918,476.1564636
-0.002046094975,476.3786011
-2.952190334E-05,476.6007385
-0.00335414242,476.8229065
0.005311671644,477.0450745
-0.0004382867191,477.2672424
-0.004416930955,477.4894714
0.004793902859,477.7116699
0.0005972508225,477.9338989
0.001741792308,478.1561584
-0.00458043674,478.378418
-0.008804339916,478.6006775
0.009045056999,478.8229675
0.007600754965,479.0452881
0.00528442068,479.2676086
-0.0001657768444,479.4899292
0.0126694385,479.7122803
0.002559321932,479.9346313
0.001741792308,480.1570129
0.004112628289,480.379425
-0.003108883509,480.6018066
0.0009787646122,480.8242493
0.001087768585,481.0466614
-0.0008198005962,481.269104
-5.6772893E-05,481.4915771
0.004466891289,481.7140503
0.002068804111,481.936554
0.004385138396,482.1590576
0.0007880077465,482.3815613
0.003921871539,482.6040955
0.0003247409477,482.8266602
-0.0006017926498,483.0492249
-0.002046094975,483.2717896
-0.002672867849,483.4943848
-0.00425342517,483.71698
0.001905298326,483.9396057
-0.0008198005962,484.1622314
-0.01340975706,484.3848877
0.003567608539,484.6075439
-0.00673326524,484.8302307
-0.001310318359,485.0529175
-0.005070954561,485.2756348
-0.001337569323,485.4983521
-0.0006290436722,485.7210693
0.002641075058,485.9438477
-0.003081632545,486.1665955
-0.0002747807885,486.3893738
0.0007062547957,486.6121521
-0.002182350028,486.8349609
-0.0005472906632,487.0578003
-0.001092310413,487.2806091
-0.005888484418,487.503479
0.007219241001,487.7263489
-0.005942986347,487.9492188
0.002177808201,488.1720886
0.003104341682,488.3950195
0.006755974144,488.6179199
0.006292707287,488.8408508
0.004766651895,489.0638123
0.001496533398,489.2867737
0.003485855646,489.5097351
-0.0005472906632,489.7327271
-0.004089919385,489.9557495
-0.004634939134,490.178772
0.003594859503,490.4017944
0.008064021356,490.6248474
-0.001364820288,490.8479004
0.0007335057599,491.0709839
-0.006869520061,491.2940674
-0.01144768577,491.5171814
0.006919479929,491.7402954
0.003322349628,491.9634399
5.2231062E-05,492.1865845
0.002559321932,492.409729
0.00114227063,492.6329041
0.001959800255,492.8561096
-0.003871911205,493.0792847
0.0007607567823,493.3025208
-0.001473824261,493.5257568
-0.005207209848,493.7489929
0.0005699998583,493.9722595
-0.003027130617,494.1955261
0.006810476072,494.4188232
-0.005043703597,494.6421204
-0.002754620742,494.8654175
0.00381286745,495.0887756
0.002423067112,495.3121033
-0.005670476705,495.5354614
-0.008395574987,495.7588501
-0.0003292827751,495.9822083
-0.008531830274,496.2056274
-0.002672867849,496.4290466
0.007818763144,496.6524658
0.004575895146,496.8759155
0.004003624432,497.0993652
-0.004416930955,497.3228455
0.003077090718,497.5463257
-0.006024739239,497.7698059
-0.003926413134,497.9933167
-0.001337569323,498.2168579
-0.002618365688,498.4403992
-0.008123065345,498.6639404
0.002205059165,498.8875122
-0.009567367844,499.1111145
-0.00101055752,499.3346863
-0.0001657768444,499.5583191
0.001987051219,499.7819214
0.003295098664,500.0055847
-0.001937091118,500.2292175
-0.000411035755,500.4528809
0.001414780505,500.6765747
-0.005915735383,500.9002686
-5.6772893E-05,501.1239929
-0.006079241168,501.3476868
0.008799798787,501.5714417
0.003213345772,501.7951965
0.00776426075,502.0189514
-0.00346314651,502.2427368
0.0002974899544,502.4665222
0.00381286745,502.6903381
-0.000983306556,502.9141541
-0.002236851957,503.13797
0.002450318076,503.3618164
0.001414780505,503.5856934
0.0111978855,503.8095703
0.01005334407,504.0334473
-0.001283067395,504.2573547
0.009562825784,504.4812927
-0.002046094975,504.7052002
0.01212441921,504.9291687
0.007137488108,505.1531067
-0.0107391607,505.3770752
0.005883942358,505.6010742
0.008064021356,505.8250732
0.00740999775,506.0491028
-0.004525934812,506.2731323
-0.008422826417,506.4971619
-0.003599401331,506.7212219
0.008445535786,506.945282
0.009045056999,507.1693726
-0.0009560555336,507.3934631
-0.004144421313,507.6175842
0.01111613214,507.8417053
0.004739400931,508.0658569
0.006074699573,508.2900085
0.008173025213,508.5141602
-0.007114778738,508.7383423
0.002532070968,508.9625244
-0.003435895545,509.1867371
0.005856691394,509.4109802
-0.0001112748723,509.6351929
0.005802189466,509.8594666
-0.001746334136,510.0837097
-0.005397966597,510.3079834
0.003785616485,510.5322876
-0.001065059449,510.7565918
0.000351991941,510.980896
-0.004771193955,511.2052307
-0.0021278481,511.4295959
0.005883942358,511.6539612
-0.003081632545,511.8783264
0.0005427488359,512.1027222
0.001796294353,512.3270874
-0.001719083171,512.5515137
-0.0001385258511,512.7759399
-0.005915735383,513.0003662
-0.002727369778,513.2248535
-0.003217887599,513.4493408
0.0003247409477,513.6738281
0.006428962573,513.8983154
0.006020197645,514.1228027
0.0001339840237,514.3473511
-0.00528896274,514.5718994
-0.0132735027,514.7964478
0.007818763144,515.0209961
-0.004389679991,515.2455444
-0.000411035755,515.4701538
-0.003408644581,515.6947632
0.01370497607,515.9193726
-0.007087527774,516.144043
-0.0004655377124,516.3686523
-0.003245138563,516.5933228
-0.002836373635,516.8179932
-0.007360037882,517.0426636
-0.003599401331,517.267395
0.009344818071,517.4921265
0.005338922609,517.7168579
-0.0003292827751,517.9415894
0.003594859503,518.1663208
-0.002754620742,518.3911133
0.0093720695,518.6159058
-0.003435895545,518.8406982
-0.008395574987,519.0654907
7.948205166E-05,519.2903442
0.002423067112,519.5151367
0.002123306273,519.7399902
-0.003735656384,519.9649048
-0.0007380475872,520.1897583
0.006156452466,520.4146729
0.007546253037,520.6395264
-0.007033025846,520.864502
0.004902907182,521.0894165
-0.006488006096,521.3143311
-0.003381393384,521.5393066
0.009290316142,521.7642822
0.00136027846,521.9892578
0.005011911038,522.2142944
0.004657648038,522.43927
-0.0003020317818,522.6643066
-0.009403862059,522.8893433
0.001741792308,523.1143799
-0.005234460812,523.3394775
-0.0009288045112,523.5645752
0.000215736989,523.7896729
0.008854300715,524.0147705
-0.009621869773,524.2398682
-0.005207209848,524.4650269
-0.004716692027,524.6901855
-0.0002475298243,524.9153442
-0.003190636635,525.1405029
-0.001283067395,525.3657227
0.004657648038,525.5908813
-0.008777089417,525.8161011
-0.0006562946364,526.0413208
0.007791511714,526.2666016
0.00740999775,526.4918213
0.002286812058,526.7171021
0.00114227063,526.9423828
0.008391033858,527.1677246
0.003158843843,527.3930054
0.0001339840237,527.6183472
0.002286812058,527.843689
0.0001067330377,528.0690308
0.007600754965,528.2943726
-0.006324500311,528.5197754
-0.00741453981,528.7451782
0.01471326314,528.9705811
0.004357887432,529.1959839
0.0006790037733,529.4213867
0.00114227063,529.6468506
0.006565217394,529.8723145
0.001224023523,530.0977783
-0.00237310701,530.3232422
0.007246491965,530.5487671
0.0008152587106,530.774292
-0.007196531631,530.9998169
-0.006215496454,531.2253418
0.012287925,531.4508667
0.0137322275,531.6764526
-0.004825695883,531.9020386
-0.00122856535,532.1276245
-0.0005472906632,532.3532104
-0.003762907349,532.5788574
0.00776426075,532.8045044
-0.003381393384,533.0301514
-0.0002747807885,533.2557983
0.003485855646,533.4814453
0.003376851557,533.7071533
-0.008831591345,533.9328613
-0.002182350028,534.1585693
0.0005972508225,534.3842773
0.005011911038,534.6099854
0.0004337448918,534.8357544
0.009971590713,535.0615234
-0.007005774882,535.2872925
0.006565217394,535.5130615
0.0007880077465,535.7388916
0.01201541536,535.9647217
-0.008722587489,536.1905518
0.002995337825,536.4163818
-0.0003292827751,536.6422729
0.002886333968,536.868103
0.002586572897,537.0939941
0.002695576986,537.3198853
0.002504820004,537.5457764
0.001551035442,537.7717285
0.0009787646122,537.9976807
0.006565217394,538.2236328
0.0006517528091,538.449585
0.001196772559,538.6755371
0.00708298618,538.9015503
-0.006706014276,539.1275635
-0.001283067395,539.3535767
-0.007251034025,539.5795898
0.00740999775,539.805603
0.003540357575,540.0316772
-0.006106492132,540.2577515
0.006238205358,540.4838257
-0.006269998383,540.7098999
-0.003762907349,540.9360352
0.009780833498,541.1621704
0.009808084927,541.3883057
0.004821153823,541.6144409
-0.002836373635,541.8405762
-0.003844660241,542.0667725
-0.0115021877,542.2929688
0.003431353718,542.519165
0.006074699573,542.7453613
0.007491751108,542.9716187
0.0111978855,543.1978149
0.002368565183,543.4240723
-0.002509361831,543.6503296
0.009344818071,543.8766479
-0.005534221418,544.1029053
0.00618370343,544.3292236
0.006401711144,544.555542
0.001169521594,544.7818604
0.0032678477,545.0082397
-0.002536612796,545.2345581
-0.00122856535,545.4609375
0.001442031469,545.6873169
-0.00155557727,545.9136963
0.008718045428,546.1401367
0.003376851557,546.3665771
-0.008913343772,546.5930176
0.003567608539,546.819458
0.006864978001,547.0458984
0.007927767001,547.2723999
-0.006651511882,547.4988403
0.00193254929,547.7253418
0.004630397074,547.9518433
0.002504820004,548.1784058
0.001905298326,548.4049072
-0.004989201669,548.6314697
0.01054386143,548.8580322
0.01542178821,549.0846558
-0.003517648438,549.3112183
0.01166115236,549.5378418
0.01204266585,549.7644653
0.006919479929,549.9910889
-0.006324500311,550.2177124
0.02705796063,550.444397
0.004848405253,550.6710205
0.002395816147,550.8977051
0.006292707287,551.1243896
0.008254778571,551.3511353
-0.008177567273,551.5778198
-0.0021278481,551.8045654
0.002423067112,552.031311
-0.002645616885,552.2580566
0.01558529399,552.4848633
0.006456213538,552.7116699
0.008690793999,552.9384155
0.001714541344,553.1652222
-0.005643225741,553.3920898
0.008963304572,553.6188965
0.001087768585,553.8457642
0.0004609958851,554.0726318
0.007791511714,554.2994995
0.001850796281,554.5263672
-0.0009560555336,554.7532959
0.0008152587106,554.9802246
0.001632788335,555.2071533
0.001469282433,555.434082
-0.008068563417,555.6610107
0.003349600593,555.8880005
-0.004798444919,556.1149902
0.008036770858,556.34198
-0.004743942991,556.5689697
0.005120914895,556.7959595
-0.003245138563,557.0230103
0.0007335057599,557.250061
0.05046655983,557.4771118
-0.00346314651,557.7041626
-0.002291353885,557.9312744
0.003404102521,558.1583252
-0.00180083618,558.385437
0.0002702389611,558.6125488
0.008227527142,558.8397217
0.006510715466,559.0668335
-0.005615974311,559.2940063
-0.005534221418,559.5211792
0.005693185609,559.7483521
0.009998842143,559.9755249
-0.00335414242,560.2027588
-0.001964342082,560.4299927
0.000351991941,560.6572266
-0.001419322332,560.8844604
0.01580330171,561.1117554
0.004630397074,561.3389893
0.004494142253,561.5662842
-0.007496292703,561.7935791
-0.002700118814,562.020874
-0.001882589073,562.24823
0.004030875396,562.4755249
0.0003247409477,562.7028809
0.001796294353,562.9302368
-0.007142029703,563.1576538
0.009099558927,563.3850098
-0.0002475298243,563.6124268
0.001551035442,563.8398438
-0.003980915062,564.0672607
-0.002700118814,564.2946777
0.01547629014,564.5221558
0.003949122503,564.7496338
-0.0001385258511,564.9771118
0.008554539643,565.2045898
0.005066412967,565.4320679
0.001414780505,565.6596069
0.001469282433,565.887085
0.00247756904,566.114624
0.005393425003,566.3422241
-0.001719083171,566.5697632
-0.00673326524,566.7973633
0.00272282795,567.0249023
-0.000901553547,567.2525024
-0.0007652986096,567.4801636
-0.002046094975,567.7077637
-0.005615974311,567.9354248
0.005011911038,568.1630859
0.00168729038,568.3907471
-0.006433504168,568.6184082
0.00272282795,568.8460693
0.008881551214,569.0737915
-0.003081632545,569.3015137
-0.002999879653,569.5292358
0.001523784478,569.756958
0.002804580843,569.9847412
0.01076186914,570.2125244
0.007655256893,570.4403076
0.007628005929,570.6680908
0.007873265073,570.895874
0.01220617164,571.1237183
-0.001882589073,571.3515015
-0.001364820288,571.5793457
0.01345971692,571.8071899
-0.007986810058,572.0350952
0.004466891289,572.2629395
-0.003272389527,572.4908447
0.001523784478,572.71875
0.002259561094,572.9466553
0.0003247409477,573.1746216
-0.006079241168,573.4025269
0.008173025213,573.6304932
0.01275119185,573.8584595
0.003785616485,574.0864258
0.004330636468,574.3144531
0.005965695716,574.5424194
0.0007880077465,574.7704468
0.0130237015,574.9984741
0.004030875396,575.2265015
0.005420675967,575.4545898
0.009835336357,575.6826172
-0.0002747807885,575.9107056
0.0007607567823,576.1387939
0.01147039514,576.3668823
-0.001582828234,576.5950317
-0.00256386376,576.8231201
-0.003081632545,577.0512695
-0.0003837847617,577.2794189
0.006783225108,577.5076294
0.005093663931,577.7357788
0.001632788335,577.9639893
0.004684899002,578.1921997
-0.01204720791,578.4204102
-0.004035416991,578.6486206
0.006837727036,578.8768311
-0.005888484418,579.1051025
-0.0001930278377,579.333374
-0.005779480562,579.5616455
0.01386848185,579.789917
0.007355495822,580.0182495
0.003104341682,580.246521
0.004984660074,580.4748535
0.009154060856,580.703186
0.00833653193,580.9315796
-0.004716692027,581.1599121
0.01727485657,581.3883057
-0.001882589073,581.6166992
0.006210954394,581.8450928
-0.003626652295,582.0734863
0.008472786285,582.3019409
0.01035310514,582.5303345
-0.006297249347,582.7587891
-0.003817409277,582.9872437
-0.004525934812,583.2157593
0.01501302328,583.4442139
-0.002209600993,583.6727295
0.003376851557,583.9012451
-0.00389916217,584.1297607
0.003295098664,584.3582764
0.007791511714,584.586853
0.007191990037,584.8154297
-0.004961950704,585.0439453
0.001496533398,585.272583
0.005774938501,585.5011597
0.002831831807,585.7297363
0.007382746786,585.958374
0.005584181752,586.1870117
0.0006517528091,586.4156494
-0.00101055752,586.6443481
0.004930158146,586.8729858
0.01029860228,587.1016846
-0.0007652986096,587.3303833
0.008391033858,587.559082
-0.005179958884,587.7877808
0.00563868368,588.0165405
0.01057111286,588.2452393
0.0002702389611,588.473999
-2.270915729E-06,588.7027588
0.009699081071,588.9315796
0.001905298326,589.1603394
0.002123306273,589.3891602
-0.002509361831,589.617981
0.01024410035,589.8468018
0.008827049285,590.0756226
-0.0004382867191,590.3045044
-0.002727369778,590.5333862
0.002586572897,590.7622681
0.009072308429,590.9911499
-0.005152707919,591.2200317
-0.004389679991,591.4489136
0.001333027496,591.6778564
0.002150557237,591.9067993
0.007709758822,592.1357422
-0.002645616885,592.3646851
0.005502428859,592.593689
0.01294194814,592.8226929
-0.002345855813,593.0516968
-0.000983306556,593.2807007
-0.002155099064,593.5097046
-0.005942986347,593.7387695
0.002014302183,593.9677734
-0.002400357975,594.1968384
0.002750078915,594.4259033
-0.002536612796,594.6549683
0.01275119185,594.8840942
0.003894620342,595.1132202
-0.007877806202,595.3423462
-0.001201314386,595.5714722
0.00193254929,595.8005981
-0.002618365688,596.0297241
0.004085377324,596.2589111
0.004902907182,596.4880981
-0.002236851957,596.7172852
0.006265456323,596.9464722
0.002532070968,597.1757202
0.007110237144,597.4049072
0.003213345772,597.6341553
-0.005888484418,597.8634033
2.498007234E-05,598.0926514
0.002559321932,598.3219604
0.004494142253,598.5512695
0.00582944043,598.7805176
-0.00280912267,599.0098267
-0.002400357975,599.2391968
-0.002073345939,599.4685059
0.0003247409477,599.697876
0.007873265073,599.9271851
-0.0005472906632,600.1565552
-0.006787767168,600.3859863
-0.002482110867,600.6153564
-0.005861233454,600.8447876
0.0007607567823,601.0741577
0.0086635435,601.3035889
0.001033266657,601.5330811
-0.002536612796,601.7625122
0.008718045428,601.9920044
0.001551035442,602.2214355
-0.006460755132,602.4509277
0.001333027496,602.680481
-0.001337569323,602.9099731
0.01078912057,603.1394653
-0.004798444919,603.3690186
-0.003572150366,603.5985718
0.003186094807,603.828125
0.003785616485,604.0577393
0.005802189466,604.2872925
0.005229918752,604.5169067
0.004821153823,604.746521
0.002202544827,604.9761353
0.0002742614306,605.2057495
-0.001754692406,605.4354248
-0.0003302301629,605.6650391
0.004023733083,605.8947144
-0.001867270912,606.1243896
0.002662764397,606.354126
-0.002152049448,606.5838013
0.009980617091,606.8135376
0.002095074393,607.0432129
-0.002913664328,607.2730103
-0.005362470634,607.5027466
0.002150693443,607.7324829
0.02703687735,607.9622803
-0.001843183069,608.1920776
0.0003221075458,608.421875
0.003461771877,608.6516724
-0.001382728922,608.8814697
0.005719447974,609.1113281
0.002421188867,609.3411865
0.02075848915,609.5710449
-0.005330752116,609.8009033
0.004054128658,610.0307617
-0.001988433069,610.2606812
0.007269309368,610.4905396
0.00204828335,610.720459
-0.001561626792,610.9504395
-0.002223377815,611.1803589
-0.005659020506,611.4102783
-0.004030179698,611.6402588
0.006976924837,611.8702393
0.0007743747556,612.1002197
0.003544026986,612.3302002
0.00804895442,612.5602417
-0.009182943963,612.7902222
0.002885911847,613.0202637
0.004548064899,613.2503052
0.006299129687,613.4804077
0.001805001288,613.7104492
0.001602581004,613.9405518
0.005408026278,614.1705933
0.0005470910692,614.4006958
0.01451641694,614.6308594
-0.004072132986,614.8609619
-0.007148652803,615.0911255
0.005166472867,615.321228
0.006273798179,615.5513916
0.003071792657,615.7816162
-0.0001385894284,616.0117798
0.006592981983,616.2419434
0.001618338516,616.472168
-0.005200308282,616.7023926
0.003736636834,616.9326172
0.0003303880512,617.1628418
-0.005298897158,617.3931274
-0.002360315295,617.6234131
0.006369749084,617.8536377
0.004082744475,618.0839844
0.003233066062,618.31427
0.005922181066,618.5445557
0.001996016596,618.7749023
-0.002340214327,619.005249
0.008142115548,619.2355957
0.005472039804,619.4659424
-0.0006599173066,619.6962891
0.01358902175,619.9266968
0.009355724789,620.1571045
0.003892727895,620.3875122
0.007157188375,620.6179199
-0.0029665248,620.8483276
0.01051035803,621.0787964
-0.005101041868,621.3092041
0.01477620099,621.5396729
0.00122574612,621.7701416
0.002739375224,622.0006104
0.001212869072,622.2311401
0.001658222405,622.4616699
0.006748212967,622.6921387
0.01881384291,622.9226685
-0.0005246899673,623.1532593
0.00868421793,623.3837891
0.004677937366,623.6143799
-0.0004938752973,623.8449097
0.01416616701,624.0755005
-0.003056672169,624.3061523
0.01090247557,624.5367432
0.001560409204,624.767334
0.01137404237,624.9979858
0.007317285985,625.2286377
0.002538984874,625.4592896
0.003896404989,625.6899414
0.003355781548,625.9206543
0.004160092678,626.1513672
0.005461588502,626.382019
0.003089446342,626.6127319
0.005006207619,626.8435059
-0.002830831101,627.0742188
0.0026162297,627.3049927
0.007000325248,627.5357056
0.006495585665,627.7664795
0.004297525622,627.9973145
0.001675136387,628.2280884
0.007819604129,628.4588623
0.002025075024,628.6896973
0.01199954096,628.9205322
0.002442249097,629.1513672
0.00786373578,629.3822021
0.007402700372,629.6130981
0.008217978291,629.8439941
0.00664057862,630.0748291
0.003979083616,630.3057251
0.006253026891,630.5366821
0.007023500279,630.7675781
0.001506923349,630.9985352
-0.0005730105913,631.2294312
-0.00133334822,631.4603882
0.00116051652,631.6913452
0.007291053887,631.9223633
0.0007232271601,632.1533203
-0.002630789997,632.3843384
-0.00472670421,632.6153564
0.003893211484,632.8463745
0.0007114044856,633.0773926
-0.0004431499692,633.3084717
-0.002957200166,633.5394897
0.004860110581,633.7705688
0.004237337969,634.0016479
-0.0003278535733,634.2327271
0.003201776184,634.4638062
-0.004027483519,634.6949463
0.000604962348,634.9260864
0.001386505552,635.1572266
0.007667425554,635.3883667
0.00820740778,635.6195068
0.001695150742,635.850647
-0.003666632576,636.0818481
0.002352417447,636.3130493
-0.001697587548,636.5442505
0.003836387536,636.7754517
0.001665926888,637.0067139
0.004075204022,637.237915
0.0008592099184,637.4691772
-0.002455984009,637.7004395
0.006595732644,637.9317017
0.007964697666,638.1629639
0.001456075814,638.3942871
0.0001627315069,638.6255493
0.002265354618,638.8568726
-0.001343324082,639.0881958
0.002400329802,639.319519
-0.003162970068,639.5509033
-0.004094071221,639.7822266
0.00240637688,640.0136108
0.003530259244,640.2449951
-0.009221673943,640.4763794
-0.001081846189,640.7078247
0.009846538305,640.939209
-0.001131970668,641.1706543
0.0142044099,641.4020996
0.01206854731,641.6335449
0.01032155752,641.8649902
0.001884976868,642.0964355
0.002101749647,642.3279419
0.002355005359,642.5594482
0.005455744453,642.7909546
0.006485033315,643.0224609
-0.003417451167,643.2539673
0.001229682006,643.4854736
-0.002940800041,643.717041
0.001023128629,643.9486084
-0.002817491302,644.1801758
0.00434674276,644.4117432
-0.003304080106,644.6433716
0.008732717484,644.874939
-0.01064884383,645.1065674
0.001500499086,645.3381958
-0.008525080048,645.5698242
-2.299385187E-06,645.8014526
0.003904539626,646.0331421
0.01013852097,646.2648315
-0.004786186852,646.49646
0.01076804753,646.7281494
-0.003273541341,646.9598999
-0.002997634932,647.1915894
0.005108084064,647.4233398
-0.00224914588,647.6550293
-0.005279898178,647.8867798
0.005542182364,648.1185303
-0.005596797448,648.3503418
-0.008607185446,648.5820923
-0.01217648946,648.8139038
0.004352576565,649.0457153
-0.005315046757,649.2775269
0.003483766224,649.5093384
0.003488950199,649.7411499
0.000890449388,649.9730225
-0.00320244953,650.204895
0.004578582011,650.4367676
0.00871741306,650.6686401
0.0003524787899,650.9005127
0.01192492433,651.1323853
0.0009586964152,651.3643188
-0.004940920509,651.5962524
-0.006505319383,651.828186
-0.00249570841,652.0601196
0.0003972941195,652.2920532
0.01060457621,652.5240479
0.004123908468,652.7560425
0.0008831623127,652.9879761
-0.005082891323,653.2199707
0.001914678374,653.4520264
-0.005046014674,653.684021
0.004040428437,653.9160767
-0.00156882708,654.1480713
0.001737451646,654.380127
0.00485586701,654.6122437
0.003496563761,654.8442993
0.003020215081,655.076355
0.004018950276,655.3084717
0.007809590083,655.5405884
-0.009632205591,655.7727051
-0.003762592329,656.0048218
0.003113046056,656.2369385
-0.004776800051,656.4691162
0.002487113466,656.7012939
-0.00132823782,656.9334717
-0.001420776243,657.1656494
-0.0001108630677,657.3978271
-0.003481372492,657.6300049
-0.0002465768775,657.8622437
-0.005033543333,658.0944824
-0.006899321452,658.3267212
-0.00601643743,658.55896
-0.00129718543,658.7911987
-0.004354289733,659.0234985
0.01384460367,659.2557373
0.002298536245,659.4880371
0.002509308513,659.7203369
0.00889039319,659.9526978
-0.001752327662,660.1849976
0.003614954185,660.4172974
0.003874735907,660.6496582
-0.003859648481,660.882019
0.001734977122,661.1143799
0.001980602043,661.3467407
0.002510526218,661.5791626
0.002706950763,661.8115845
0.003491244745,662.0439453
0.006018093787,662.2763672
2.460325959E-05,662.5087891
0.002784412354,662.741272
0.00450406177,662.9736938
-0.004059367813,663.2061768
-0.004672827199,663.4386597
0.0009652067674,663.6711426
0.007252716925,663.9036255
-0.001149911084,664.1361084
0.002007778268,664.3686523
-0.0008166556945,664.6011963
-0.005520683248,664.8336792
0.002467524726,665.0662842
-8.447816799E-05,665.2988281
0.0006916719722,665.5313721
-0.003599232296,665.7639771
0.003160639666,665.996582
0.001682402682,666.229187
0.01059239078,666.461792
0.0177308619,666.694397
8.056413208E-05,666.927002
0.002062036889,667.159668
0.007362957578,667.392334
-0.006577882916,667.625
-0.005832099821,667.857666
0.002420547884,668.090332
0.00521222502,668.3230591
-0.005779480562,668.5557251
-0.001174063422,668.7884521
0.004194381181,669.0211792
-0.001855338109,669.2539673
-0.006515257061,669.4866943
-0.003735656384,669.7194214
0.011225136,669.9522095
0.01307820342,670.1849976
-0.002509361831,670.4177856
0.00381286745,670.6505737
7.948205166E-05,670.8834229
-0.005970237311,671.1162109
-0.007005774882,671.3490601
0.0001884860103,671.5819092
0.003758365521,671.8147583
0.001632788335,672.0476074
-0.001637330279,672.2805176
-0.0003292827751,672.5134277
-0.004525934812,672.7462769
0.001305776532,672.979187
0.004875656217,673.2120972
0.0007062547957,673.4450684
0.004139879253,673.6779785
0.001196772559,673.9109497
0.00672872318,674.1439209
0.002395816147,674.3768921
0.0002702389611,674.6098633
0.0007607567823,674.8428345
-0.0001112748723,675.0758667
-0.004416930955,675.3088379
0.002913584933,675.5418701
0.003158843843,675.7749023
-0.0004927887348,676.0079346
-0.00493469974,676.2410278
0.006374460179,676.4740601
0.00168729038,676.7071533
0.002450318076,676.9402466
0.005175416823,677.1733398
0.003404102521,677.4064331
0.002150557237,677.6395874
-0.007251034025,677.8726807
0.004575895146,678.105835
-0.0003565337684,678.3389893
-0.003245138563,678.5721436
-0.007496292703,678.8052979
-0.005125456955,679.0385132
-0.008695336059,679.2716675
-0.002754620742,679.5048828
0.001496533398,679.7380981
0.0009787646122,679.9713135
-0.007687049452,680.2045288
-0.0003837847617,680.4378052
-0.001828087145,680.6710205
-0.001419322332,680.9042969
0.01068011671,681.1375732
-0.008722587489,681.3708496
0.002940835897,681.604126
0.005338922609,681.8374634
0.001578286407,682.0707397
0.004385138396,682.3040771
-0.002945377724,682.5374146
-0.005370715633,682.770752
-0.0005745416856,683.0041504
-0.0008743025246,683.2374878
-0.002945377724,683.4708862
-0.004226174206,683.7042236
0.009671829641,683.9376221
-0.002209600993,684.1710815
-0.005970237311,684.40448
0.01005334407,684.6378784
-0.004035416991,684.8713379
0.005011911038,685.1047974
-0.009703623131,685.3382568
-0.00180083618,685.5717163
0.01313270535,685.8051758
-0.002836373635,686.0386963
0.002041553147,686.2721558
0.007464499678,686.5056763
-0.0002202788164,686.7391968
0.0009787646122,686.9727173
-0.004771193955,687.2062988
0.00247756904,687.4398193
0.01561254542,687.6734009
-0.005261711776,687.9069824
-0.002781871706,688.140564
-0.004089919385,688.3741455
-0.003435895545,688.6077271
0.005338922609,688.8413696
-0.005125456955,689.0749512
-0.003790158313,689.3085938
0.0008152587106,689.5422363
0.002777329879,689.7758789
-0.003190636635,690.0095825
0.0007062547957,690.2432251
0.006973982323,690.4769287
-0.003953664098,690.7106323
-0.00547971949,690.9443359
0.005338922609,691.1780396
-0.004198923241,691.4117432
-0.006297249347,691.6454468
0.000161235017,691.8792114
-0.003626652295,692.1129761
-0.006324500311,692.3467407
0.007655256893,692.5805054
0.007219241001,692.81427
0.006156452466,693.0480957
-0.007305535953,693.2819214
-0.004689441063,693.515686
0.004303385038,693.7495117
0.009699081071,693.9833984
-0.004525934812,694.2172241
-0.001691832207,694.4510498
0.008418284357,694.6849365
-0.001855338109,694.9188232
0.01514927857,695.15271
-0.006160994526,695.3865967
-0.008422826417,695.6204834
-0.003435895545,695.8544312
0.0001067330377,696.0883179
-0.002591114724,696.3222656
0.002041553147,696.5562134
0.001769043389,696.7901611
0.0003792429343,697.0241089
0.009263064712,697.2581177
0.0002702389611,697.4921265
0.002613823861,697.7260742
-0.003027130617,697.960083
0.004385138396,698.1940918
0.002559321932,698.4281616
0.009072308429,698.6621704
0.001442031469,698.8962402
-0.003217887599,699.1303101
0.002014302183,699.3643188
0.006401711144,699.5984497
-0.002727369778,699.8325195
-0.00291812676,700.0665894
-0.004880197812,700.3007202
0.008227527142,700.5348511
0.007219241001,700.7689209
-0.009758125059,701.0031128
-0.0003292827751,701.2372437
0.002750078915,701.4713745
0.004194381181,701.7055664
-0.01172019634,701.9396973
-0.003136134474,702.1738892
-0.0003020317818,702.4080811
-0.005615974311,702.642334
-0.0007652986096,702.8765259
-0.001937091118,703.1107788
0.006265456323,703.3449707
-0.003735656384,703.5792236
-0.00618824549,703.8134766
0.01931867935,704.0477295
0.00405812636,704.2820435
0.002395816147,704.5162964
-0.003435895545,704.7506104
-0.003381393384,704.9849243
0.0006517528091,705.2192383
0.0006790037733,705.4535522
0.0079550175,705.6878662
0.004712149967,705.9222412
0.004439640325,706.1565552
0.003376851557,706.3909302
0.0006245018449,706.6253052
-0.00237310701,706.8596802
-0.0009560555336,707.0941162
-0.001065059449,707.3284912
0.001850796281,707.5629272
0.004466891289,707.7973022
0.004357887432,708.0317383
0.00168729038,708.2661743
-0.003544899402,708.5006714
-0.001092310413,708.7351074
-0.004716692027,708.9696045
-0.001746334136,709.2040405
-0.003517648438,709.4385376
0.006864978001,709.6730347
0.007491751108,709.9075928
0.009344818071,710.1420898
-0.007687049452,710.3765869
-0.0009288045112,710.611145
-0.007741551846,710.8457031
0.010462109,711.0802612
0.007873265073,711.3148193
-0.003735656384,711.5494385
0.001115019666,711.7839966
-0.005997488275,712.0186157
-0.0004382867191,712.2532349
0.006783225108,712.487854
0.012287925,712.7224731
-0.004362429027,712.9570923
0.004630397074,713.1917114
-0.006815018132,713.4263916
-0.00618824549,713.6610718
-0.01054840349,713.895752
0.002286812058,714.1304321
-0.005098205525,714.3651123
0.006946731359,714.5998535
-0.002236851957,714.8345337
-0.006869520061,715.0692749
-0.006597009953,715.3040161
0.003676612629,715.5387573
-0.0007652986096,715.7734985
0.002532070968,716.0082397
-0.006706014276,716.243042
0.005066412967,716.4777832
0.00247756904,716.7125854
0.008227527142,716.9473877
0.007246491965,717.1821899
-0.002836373635,717.4170532
-0.001174063422,717.6518555
0.0032678477,717.8867188
-0.0003292827751,718.121582
7.948205166E-05,718.3564453
0.003758365521,718.5913086
0.002150557237,718.8261719
0.003758365521,719.0610352
-0.006760516204,719.2959595
-0.0001657768444,719.5308838
0.003703863593,719.7658081
0.004902907182,720.0007324
-0.004662190098,720.2356567
-0.00793230813,720.4705811
-0.0003292827751,720.7055664
-0.004226174206,720.9404907
-0.001937091118,721.1754761
0.001033266657,721.4104614
0.01177015621,721.6454468
-0.002400357975,721.8804932
0.008145774715,722.1154785
-0.000983306556,722.3505249
-0.005806731526,722.5855103
0.0009242626838,722.8205566
-0.00346314651,723.055603
-0.001201314386,723.2907104
0.011579399,723.5257568
0.01051661093,723.7608032
-0.00370840542,723.9959106
-0.006160994526,724.2310181
-0.0006562946364,724.4661255
-0.001473824261,724.7012329
0.003131592646,724.9364014
-0.006160994526,725.1715088
-0.003299640492,725.4066772
0.001115019666,725.6417847
0.01103437971,725.8769531
0.002532070968,726.1121216
-0.001882589073,726.3473511
-0.003054381581,726.5825195
-0.004880197812,726.817749
-0.007087527774,727.0529175
0.003921871539,727.288147
0.000215736989,727.5233765
-0.007142029703,727.758606
-0.004226174206,727.9938965
-0.005779480562,728.229126
-0.002345855813,728.4644165
-0.003599401331,728.699707
0.003976373468,728.9349976
0.005529679824,729.1702881
-0.00460768817,729.4055786
0.001169521594,729.6408691
-0.003272389527,729.8762207
0.0001067330377,730.1115723
-0.005043703597,730.3469238
-0.001310318359,730.5822754
-0.0021278481,730.817627
-0.01030314434,731.0529785
0.001469282433,731.2883911
0.006483464502,731.5237427
-0.001201314386,731.7591553
0.01035310514,731.9945679
0.003840118414,732.2299805
-0.001092310413,732.4653931
0.007600754965,732.7008667
-0.00795955956,732.9362793
0.01504027471,733.1717529
-0.00201884401,733.4072266
-0.005615974311,733.6427002
-0.001937091118,733.8781738
-0.00458043674,734.1136475
-0.00291812676,734.3491821
-0.001828087145,734.5847168
0.0008697606972,734.8201904
0.003976373468,735.0557251
0.008908802643,735.2912598
0.001278525568,735.5268555
-0.00637900224,735.7623901
-0.008232069202,735.9979858
-0.003408644581,736.2335205
-0.008422826417,736.4691162
5.2231062E-05,736.7047119
-0.002155099064,736.9403076
0.00582944043,737.1759033
-0.004117170349,737.4115601
0.007873265073,737.6472168
-0.001637330279,737.8828125
-0.003299640492,738.1184692
0.002613823861,738.354126
-0.003544899402,738.5897827
0.002804580843,738.8255005
-0.002182350028,739.0611572
0.0130237015,739.296875
-0.006351751275,739.5325928
0.00528442068,739.7683105
0.00424888311,740.0040283
0.001305776532,740.2397461
-5.6772893E-05,740.4755249
-0.0001385258511,740.7112427
0.001305776532,740.9470215
0.005420675967,741.1828003
-0.001691832207,741.4185791
-0.007278284989,741.6543579
-0.003027130617,741.8901367
-0.01052115206,742.1259766
-0.003408644581,742.3617554
-0.00122856535,742.5975952
-0.006160994526,742.8334351
-0.0100306347,743.0692749
0.005911193788,743.3051147
-0.001855338109,743.5410156
0.008500037715,743.7768555
-0.01180194877,744.0127563
0.006428962573,744.2486572
-0.004198923241,744.4845581
-0.004226174206,744.720459
0.0007335057599,744.9563599
0.003594859503,745.1922607
0.002968086861,745.4282227
0.005965695716,745.6641846
-0.0003020317818,745.9000854
-0.0003565337684,746.1360474
-0.001882589073,746.3720703
0.004875656217,746.6080322
-0.007441790774,746.8439941
-0.007196531631,747.0800171
-0.004280676134,747.31604
0.004575895146,747.552063
2.498007234E-05,747.7880859
0.007519002073,748.0241089
0.002750078915,748.2601318
-0.002100597136,748.4962158
0.007791511714,748.7322388
-0.001092310413,748.9683228
-0.003926413134,749.2044067
0.001224023523,749.4404907
0.006292707287,749.6765747
0.006347209215,749.9127197
0.002068804111,750.1488037
0.001387529541,750.3849487
-0.00101055752,750.6210938
-0.01071190927,750.8572388
-0.001637330279,751.0933838
-0.002291353885,751.3295288
-0.007850555703,751.5656738
0.0003792429343,751.8018799
-0.002945377724,752.0380859
-0.006351751275,752.274231
5.2231062E-05,752.510437
-0.003381393384,752.7467041
-0.008395574987,752.9829102
0.0006517528091,753.2191162
0.01689334214,753.4553833
-0.002482110867,753.6916504
-0.006433504168,753.9278564
0.008799798787,754.1641235
0.001169521594,754.4004517
-0.003326891456,754.6367188
0.001033266657,754.8729858
0.001496533398,755.109314
0.003485855646,755.3456421
0.005420675967,755.5819702
-0.0006562946364,755.8182983
0.01160665043,756.0546265
-0.001065059449,756.2909546
-0.005397966597,756.5273438
0.006755974144,756.7636719
-0.005234460812,757.000061
-0.005697727669,757.2364502
-0.004089919385,757.4728394
-0.0002747807885,757.7092285
-0.008204818703,757.9456177
-0.004008166026,758.1820679
-0.001419322332,758.4185181
0.0002702389611,758.6549072
-0.002890875796,758.8913574
-0.0005745416856,759.1278076
-0.0007652986096,759.3642578
-0.006488006096,759.600769
-0.003054381581,759.8372192
0.0004609958851,760.0737305
-0.001937091118,760.3102417
-0.002972628688,760.5467529
-0.0005745416856,760.7832642
-0.002100597136,761.0197754
-0.008259320632,761.2562866
0.008772547357,761.4928589
0.001632788335,761.7293701
-0.004662190098,761.9659424
0.005720436573,762.2025146
-0.004798444919,762.4390869
-0.007496292703,762.6757202
0.005338922609,762.9122925
0.003949122503,763.1488647
-0.007251034025,763.385498
-0.007087527774,763.6221313
0.008718045428,763.8587646
-0.001337569323,764.0953979
-0.00866808556,764.3320313
-0.007196531631,764.5686646
0.001823545317,764.8053589
0.00740999775,765.0420532
-0.004716692027,765.2786865
0.0002429879823,765.5153809
-0.006079241168,765.7520752
0.001959800255,765.9888306
0.005556930788,766.2255249
0.00405812636,766.4622803
0.003240596736,766.6989746
-0.004416930955,766.93573
-0.000983306556,767.1724854
0.002668326022,767.4092407
0.002068804111,767.6459961
0.001469282433,767.8828125
0.0003247409477,768.1195679
-0.002182350028,768.3563843
-0.006460755132,768.5931396
0.01359597221,768.8299561
0.007737009786,769.0667725
-0.004662190098,769.3036499
0.00441238936,769.5404663
0.003376851557,769.7772827
-0.009703623131,770.0141602
-0.0005472906632,770.2510376
-0.009867128916,770.487915
-0.007469041739,770.7247925
-0.000520039699,770.9616699
-0.005452468526,771.1985474
0.001224023523,771.4354858
0.01433174871,771.6723633
0.002259561094,771.9093018
-0.007005774882,772.1462402
-0.0003565337684,772.3831787
0.0001884860103,772.6201172
-0.002945377724,772.8571167
0.0007607567823,773.0940552
-0.004852946848,773.3310547
0.005938444752,773.5679932
-0.006406253204,773.8049927
-0.006760516204,774.0419922
0.007900515571,774.2789917
0.002940835897,774.5160522
-0.002754620742,774.7530518
0.001414780505,774.9901123
0.005229918752,775.2271729
-0.005997488275,775.4641724
-0.0001112748723,775.7012329
-0.004907448776,775.9382935
-0.0007380475872,776.175415
-0.001446573297,776.4124756
-0.004171672277,776.6495972
0.001387529541,776.8866577
-0.004171672277,777.1237793
0.001551035442,777.3609009
0.00405812636,777.5980225
0.003404102521,777.8352051
-0.006024739239,778.0723267
-0.005070954561,778.3094482
0.004030875396,778.5466309
-0.004662190098,778.7838135
-0.002972628688,779.0209961
0.0006790037733,779.2581787
-0.002264102921,779.4953613
0.002532070968,779.7325439
0.0003247409477,779.9697876
0.001796294353,780.2070313
-0.006460755132,780.4442139
-0.002155099064,780.6814575
0.0008152587106,780.9187012
-0.003817409277,781.1559448
0.0083092805,781.3932495
-0.005152707919,781.6304932
-0.006869520061,781.8677979
0.005475177895,782.1051025
0.00653796643,782.3423462
-0.0001112748723,782.5796509
0.00168729038,782.8170166
0.0007880077465,783.0543213
0.001087768585,783.291626
0.001278525568,783.5289917
-0.0009288045112,783.7662964
0.0007607567823,784.0036621
-0.0006562946364,784.2410278
-0.001855338109,784.4783936
-0.002591114724,784.7158203
0.001251274603,784.953186
-0.003599401331,785.1905518
0.001741792308,785.4279785
-0.001773585216,785.6654053
0.006783225108,785.902832
0.009072308429,786.1402588
-0.01286473777,786.3776855
-0.006324500311,786.6151123
5.2231062E-05,786.8526001
0.007546253037,787.0900269
0.002886333968,787.3275146
0.001850796281,787.5650024
0.001033266657,787.8024902
0.002532070968,788.039978
-0.01425453741,788.2774658
0.003077090718,788.5150146
-0.005370715633,788.7525024
0.01286019571,788.9900513
0.005202667788,789.2276001
-0.005643225741,789.4651489
0.0007880077465,789.7026978
-0.008422826417,789.9402466
-0.004689441063,790.1777954
-0.002400357975,790.4154053
5.2231062E-05,790.6529541
0.00708298618,790.890564
-0.006651511882,791.1281738
-0.007441790774,791.3657837
-0.002645616885,791.6033936
0.001605537371,791.8410645
0.009889838286,792.0786743
0.01498577278,792.3162842
0.003295098664,792.5539551
0.001060517621,792.791626
-0.002999879653,793.0292969
0.002940835897,793.2669678
-0.005234460812,793.5046387
0.006837727036,793.7423706
0.008254778571,793.9800415
-0.007877806202,794.2177734
0.003976373468,794.4554443
-0.001364820288,794.6931763
-0.005234460812,794.9309082
-0.00155557727,795.1687012
0.0006245018449,795.4064331
-0.0008743025246,795.644165
0.0007335057599,795.881958
0.01196091343,796.119751
0.005856691394,796.3574829
-0.005043703597,796.5952759
-0.008586332202,796.8330688
-0.005343464669,797.0709229
0.005093663931,797.3087158
0.003785616485,797.5465088
-0.005724978633,797.7843628
0.008690793999,798.0222168
0.002641075058,798.2600708
0.00247756904,798.4979248
0.006319958251,798.7357788
0.001741792308,798.9736328
-0.00201884401,799.2115479
0.007846013643,799.4494019
-0.005070954561,799.6873169
-0.007850555703,799.9252319
-0.003490397474,800.1630859
0.004766651895,800.401062
0.0007607567823,800.6389771
0.005774938501,800.8768921
0.008391033858,801.1148682
0.01435900014,801.3527832
0.0002974899544,801.5907593
-0.009022347629,801.8287354
-0.01313724741,802.0667114
-0.0003292827751,802.3046875
-0.009185854346,802.5426636
0.0002429879823,802.7806396
-0.002999879653,803.0186768
0.008091272786,803.2567139
0.0003247409477,803.4946899
0.001224023523,803.7327271
0.010107846,803.9707642
-0.0007925495738,804.2088013
0.01166115236,804.4468994
-0.00122856535,804.6849365
-0.0001112748723,804.9230347
0.009889838286,805.1610718
-0.002672867849,805.3991699
-0.0002475298243,805.6372681
0.006428962573,805.8753662
0.00528442068,806.1134644
0.0001067330377,806.3516235
-0.00389916217,806.5897217
0.00193254929,806.8278809
-0.00741453981,807.065979
0.002450318076,807.3041382
0.03139086813,807.5422974
-0.007632547524,807.7804565
0.001278525568,808.0186768
-0.001119561493,808.2568359
-0.005970237311,808.4949951
-0.008014061488,808.7332153
-0.00547971949,808.9714355
-0.004089919385,809.2096558
-0.006215496454,809.447876
0.006973982323,809.6860962
-0.00460768817,809.9243164
-0.001691832207,810.1625366
0.001714541344,810.4008179
-0.0003565337684,810.6390991
-0.0007380475872,810.8773193
-0.008177567273,811.1156006
-0.002236851957,811.3538818
-0.002318604849,811.5922241
0.001196772559,811.8305054
-0.001637330279,812.0687866
-0.001746334136,812.3071289
-0.0003565337684,812.5454102
-0.006951272953,812.7837524
-0.0001657768444,813.0220947
0.0004882468784,813.260437
-0.006760516204,813.4987793
0.008254778571,813.7371826
0.003731114557,813.9755249
-0.008858841844,814.2139282
-0.0005472906632,814.4522705
-0.001201314386,814.6906738
0.007001233287,814.9290771
-0.0005745416856,815.1674805
0.005257169716,815.4058838
-0.004335178062,815.6443481
0.00708298618,815.8827515
-0.00528896274,816.1212158
-0.0122107137,816.3596191
-0.001964342082,816.5980835
0.007137488108,816.8365479
0.008173025213,817.0750122
-0.006051990204,817.3134766
-0.0005745416856,817.552002
0.001414780505,817.7904663
0.001305776532,818.0289917
-0.003762907349,818.2675171
0.009154060856,818.5059814
-0.00335414242,818.7445068
-0.004825695883,818.9830322
-0.004089919385,819.2216187
0.001251274603,819.460144
0.0008152587106,819.6986694
0.003649361432,819.9372559
0.008827049285,820.1758423
-0.0009560555336,820.4144287
-0.006024739239,820.6530151
-0.0006290436722,820.8916016
0.005066412967,821.130188
-0.005534221418,821.3687744
-0.001773585216,821.6074219
-0.002291353885,821.8460083
-0.005534221418,822.0846558
0.009562825784,822.3233032
-0.00795955956,822.5619507
-0.005561472382,822.8005981
-0.002972628688,823.0392456
-0.008150316775,823.2778931
-0.001991593046,823.5166016
0.002286812058,823.755249
-0.004144421313,823.9939575
-0.0008198005962,824.232666
-0.004117170349,824.4713745
0.03449748084,824.710083
0.01097987778,824.9487915
-0.000411035755,825.187561
0.003049839754,825.4262695
0.007927767001,825.6650391
-0.001065059449,825.9037476
0.0007062547957,826.1425171
-0.005370715633,826.3812866
0.01269668993,826.6200562
0.002804580843,826.8588257
0.003758365521,827.0976563
-0.008586332202,827.3364258
0.000161235017,827.5752563
-0.006678762846,827.8140259
0.009045056999,828.0528564
-0.002836373635,828.291687
-0.00406266842,828.5305176
-0.006079241168,828.7693481
0.008009519428,829.0081787
7.948205166E-05,829.2470703
-0.004689441063,829.4859009
-0.006978523917,829.7247925
-0.01373676863,829.9636841
0.001523784478,830.2025757
0.003594859503,830.4414673
0.004548644181,830.6803589
0.007709758822,830.9192505
-0.002155099064,831.1582031
-0.007741551846,831.3970947
0.001115019666,831.6360474
-0.01120242756,831.874939
0.001169521594,832.1138916
0.0005427488359,832.3528442
-0.003817409277,832.5917969
-0.002073345939,832.8308105
0.003540357575,833.0697632
0.007927767001,833.3087769
-0.002700118814,833.5477295
-0.005724978633,833.7867432
0.001196772559,834.0257568
0.002096055308,834.2647705
0.003867369378,834.5037842
0.009535575286,834.7427979
-0.002727369778,834.9818115
0.001033266657,835.2208862
-0.00122856535,835.4598999
-0.0004655377124,835.6989746
-0.002427608939,835.9380493
0.004221632145,836.177124
0.005093663931,836.4161987
-0.003871911205,836.6552734
0.009617327712,836.8943481
-0.001310318359,837.1334839
0.006238205358,837.3725586
0.00424888311,837.6116943
0.00708298618,837.8508301
0.007246491965,838.0899048
0.003676612629,838.3290405
0.0007880077465,838.5682373
0.001551035442,838.807373
-0.004198923241,839.0465088
0.00460314611,839.2857056
-0.001310318359,839.5248413
-0.007550794631,839.7640381
0.006374460179,840.0032349
-0.00256386376,840.2424316
0.0003247409477,840.4816284
0.004630397074,840.7208252
-0.0009288045112,840.960022
-0.006297249347,841.1992798
-0.001255816431,841.4384766
-0.001310318359,841.6777344
-0.00866808556,841.9169922
0.003649361432,842.15625
-8.402387903E-05,842.3955078
0.001006015693,842.6347656
0.006129201502,842.8740234
-0.001473824261,843.1133423
0.006428962573,843.3526001
0.004439640325,843.5919189
0.01174290478,843.8311768
0.01367772557,844.0704956
-0.005152707919,844.3098145
-0.009158602916,844.5491333
0.002177808201,844.7885132
0.01021684986,845.027832
0.0009787646122,845.2671509
0.003703863593,845.5065308
-0.001146812458,845.7459106
-0.004362429027,845.9852295
0.0008697606972,846.2246094
0.01400473714,846.4639893
0.01242417935,846.7033691
-0.004226174206,846.9428101
-0.002890875796,847.1821899
0.006210954394,847.4216309
0.011225136,847.6610107
-0.0002202788164,847.9004517
0.01196091343,848.1398926
0.008609041572,848.3793335
-0.001092310413,848.6187744
-0.0008198005962,848.8582153
-0.00493469974,849.0976563
0.006074699573,849.3371582
-0.00618824549,849.5765991
0.00441238936,849.8161011
-0.000901553547,850.055603
-0.01395477727,850.2950439
0.001496533398,850.5345459
0.002450318076,850.7741089
0.0007062547957,851.0136108
0.001305776532,851.2531128
-0.003163385671,851.4926758
-0.0002747807885,851.7321777
0.008282030001,851.9717407
-0.002046094975,852.2113037
-0.01103892084,852.4508667
0.004630397074,852.6904297
-0.01245597284,852.9299927
-0.01117517613,853.1695557
0.004221632145,853.4091187
0.0007335057599,853.6487427
0.008827049285,853.8883667
0.008009519428,854.1279297
0.0008152587106,854.3675537
0.008690793999,854.6071777
-0.006488006096,854.8468018
0.006156452466,855.0864258
0.003213345772,855.3261108
0.005856691394,855.5657349
-0.01046665013,855.8054199
-0.005016452633,856.0450439
0.006864978001,856.284729
0.005992946681,856.5244141
-0.001337569323,856.7640991
-0.007714300416,857.0037842
-0.001255816431,857.2434692
-0.01022139192,857.4831543
-0.001719083171,857.7229004
0.001305776532,857.9625854
-0.006324500311,858.2023315
0.003186094807,858.4420776
0.007846013643,858.6818237
0.009617327712,858.9215698
0.003431353718,859.1613159
0.002968086861,859.401062
0.001741792308,859.6408081
0.004684899002,859.8806152
0.0004064938985,860.1203613
0.006592468359,860.3601685
0.002559321932,860.5999756
-0.0003565337684,860.8397827
-0.006242747419,861.0795898
-0.005561472382,861.319397
-0.0004927887348,861.5592041
-0.006951272953,861.7990112
-0.007332786918,862.0388794
-0.004743942991,862.2787476
0.006210954394,862.5185547
-0.005861233454,862.7584229
-0.002999879653,862.998291
0.001823545317,863.2381592
-0.006842269097,863.4780273
-0.005588723347,863.7178955
0.0007062547957,863.9578247
0.003485855646,864.1976929
-0.002236851957,864.4376221
0.002205059165,864.6774902
-0.006351751275,864.9174194
-0.002863624599,865.1573486
0.0229975637,865.3972778
0.006129201502,865.637207
0.0001339840237,865.8771362
0.004221632145,866.1171265
0.0009787646122,866.3570557
-0.006433504168,866.5970459
-0.004171672277,866.8370361
-0.0007925495738,867.0769653
-0.0125922272,867.3169556
0.002968086861,867.5569458
0.001878047246,867.796936
-0.004198923241,868.0369873
0.0032678477,868.2769775
0.000215736989,868.5169678
0.002395816147,868.757019
0.004984660074,868.9970703
-0.003844660241,869.2370605
0.01100712828,869.4771118
-0.00583398249,869.7171631
0.002504820004,869.9572754
0.003186094807,870.1973267
-0.00122856535,870.4373779
-0.001174063422,870.6774902
-0.004307927098,870.9175415
-0.00547971949,871.1576538
0.002205059165,871.3977051
-0.003871911205,871.6378174
-0.002046094975,871.8779297
-0.00493469974,872.118042
0.01296919957,872.3582153
0.002831831807,872.5983276
-0.002645616885,872.8384399
0.0003792429343,873.0786133
0.008799798787,873.3187866
-0.00547971949,873.5588989
0.01057111286,873.7990723
0.0005427488359,874.0392456
0.001632788335,874.2794189
-0.002836373635,874.5195923
0.005774938501,874.7598267
-0.00201884401,875
0.008254778571,875.2402344
0.001959800255,875.4804077
0.01106163021,875.7206421
-0.00458043674,875.9608765
-0.009131352417,876.2011108
0.007682507858,876.4413452
-0.002509361831,876.6815796
-0.003054381581,876.921814
-0.00828657113,877.1621094
-0.00180083618,877.4023438
0.0007335057599,877.6426392
0.004030875396,877.8828735
-0.005016452633,878.1231689
0.002205059165,878.3634644
0.0006517528091,878.6037598
0.0001339840237,878.8440552
0.007355495822,879.0843506
-0.002345855813,879.324707
0.007628005929,879.5650024
0.005529679824,879.8053589
-0.003136134474,880.0456543
-0.003926413134,880.2860107
-0.004444181919,880.5263672
-0.002618365688,880.7667236
0.01454975735,881.0070801
0.008254778571,881.2474365
0.00899055507,881.487793
-0.002781871706,881.7282104
0.0003792429343,881.9685669
0.00708298618,882.2089844
0.00899055507,882.4494019
0.003049839754,882.6897583
0.006292707287,882.9301758
-0.00406266842,883.1705933
0.004821153823,883.4110107
-0.003572150366,883.6514893
-0.005861233454,883.8919067
0.003240596736,884.1323242
-0.0005472906632,884.3728027
-0.003245138563,884.6132813
0.008799798787,884.8536987
-0.003217887599,885.0941772
0.004630397074,885.3346558
-0.0002202788164,885.5751343
0.0006790037733,885.8156738
-0.0001385258511,886.0561523
-0.007659798488,886.2966309
0.0101350965,886.5371704
0.01422274485,886.7776489
-0.004444181919,887.0181885
-0.003326891456,887.258728
0.002177808201,887.4992676
0.0003247409477,887.7398071
0.0002974899544,887.9803467
-0.006215496454,888.2208862
-0.004907448776,888.4614258
0.0008970117196,888.7020264
-0.00256386376,888.9425659
-0.003517648438,889.1831665
-0.005970237311,889.4237671
0.0004337448918,889.6643677
-0.0007925495738,889.9049072
0.00272282795,890.1455688
-0.006324500311,890.3861694
0.007818763144,890.62677
-0.003435895545,890.8673706
0.009235814214,891.1080322
0.009726331569,891.3486328
0.006020197645,891.5892944
0.003867369378,891.8299561
0.01359597221,892.0706177
-0.01079366263,892.3112793
0.0003247409477,892.5519409
-0.001473824261,892.7926025
-0.002482110867,893.0332642
-0.001773585216,893.2739258
-0.0005472906632,893.5146484
-0.001964342082,893.7553711
0.0001067330377,893.9960327
-0.004307927098,894.2367554
0.002314063022,894.477478
0.004984660074,894.7182007
0.0009242626838,894.9589233
0.003431353718,895.199646
0.0006790037733,895.4404297
-0.007278284989,895.6811523
-0.007523543667,895.921875
0.009590077214,896.1626587
-0.006978523917,896.4034424
0.005665934645,896.6442261
0.005475177895,896.8849487
-0.002400357975,897.1257324
-2.952190334E-05,897.3665771
-0.001501075225,897.6073608
-0.003490397474,897.8481445
0.009726331569,898.0889282
-0.007659798488,898.3297729
-0.003435895545,898.5706177
-0.007251034025,898.8114014
-0.002836373635,899.0522461
0.001987051219,899.2930908
0.004548644181,899.5339355
-0.002046094975,899.7747803
0.004739400931,900.015625
0.003431353718,900.2565308
-0.005098205525,900.4973755
-0.01068465877,900.7382813
-0.0008198005962,900.979126
0.004276134074,901.2200317
0.01035310514,901.4609375
-0.008095814846,901.7018433
-0.009567367844,901.942749
0.0001884860103,902.1836548
-0.004362429027,902.4245605
-0.01128417999,902.6654663
0.00136027846,902.9064331
0.002777329879,903.1473389
0.005011911038,903.3883057
0.003867369378,903.6292725
-0.0007380475872,903.8701782
0.008254778571,904.111145
-0.008041312918,904.3521118
0.006428962573,904.5930786
-0.001364820288,904.8341064
-0.008531830274,905.0750732
0.003431353718,905.31604
-0.005016452633,905.5570679
0.004139879253,905.7980347
0.003186094807,906.0390625
0.009862586856,906.2800903
0.0093720695,906.5211182
0.004930158146,906.762146
0.004875656217,907.0031738
0.004357887432,907.2442017
-0.000901553547,907.4852295
0.0004882468784,907.7263184
-0.001310318359,907.9673462
-0.002727369778,908.2084351
0.001741792308,908.4494629
0.004221632145,908.6905518
-0.004144421313,908.9316406
-0.006351751275,909.1727295
-0.003980915062,909.4138184
-0.0009288045112,909.6549072
0.00495740911,909.8959961
-2.270915729E-06,910.137146
0.002532070968,910.3782349
-0.0001657768444,910.6193848
-0.001882589073,910.8604736
-0.007986810058,911.1016235
0.001959800255,911.3427734
0.01141589321,911.5839233
-0.003844660241,911.8250732
0.002259561094,912.0662231
-0.00795955956,912.307373
-0.00155557727,912.548584
-0.0008198005962,912.7897339
-0.001473824261,913.0308838
0.006619719323,913.2720947
-0.004716692027,913.5133057
-0.002727369778,913.7545166
-0.001610079198,913.9956665
-0.006406253204,914.2368774
-0.008586332202,914.4781494
-0.003381393384,914.7193604
-0.001501075225,914.9605713
0.006837727036,915.2017822
-0.003027130617,915.4430542
0.008036770858,915.6842651
0.002423067112,915.9255371
-0.007196531631,916.1668091
-0.007251034025,916.4080811
0.002613823861,916.649353
0.007491751108,916.890625
-0.008504578844,917.131897
-0.002400357975,917.3731689
0.004167130217,917.6144409
0.001523784478,917.8557739
-0.006351751275,918.0970459
0.005257169716,918.3383789
0.003894620342,918.5797119
0.0004337448918,918.8209839
-0.005425217561,919.0623169
-0.001419322332,919.3036499
-0.003272389527,919.5449829
0.003158843843,919.7863159
0.004167130217,920.02771
-0.0003565337684,920.269043
-0.002836373635,920.510376
-0.003953664098,920.75177
0.007464499678,920.9931641
0.005202667788,921.2344971
0.002286812058,921.4758911
0.002286812058,921.7172852
-0.009076850489,921.9586792
-0.01060290541,922.2000732
0.001905298326,922.4414673
0.006347209215,922.6829224
-0.01079366263,922.9243164
-0.0009560555336,923.1657715
0.002068804111,923.4071655
0.005420675967,923.6486206
-0.0007380475872,923.8900757
0.004630397074,924.1314697
-0.006842269097,924.3729248
0.005366173573,924.6143799
0.001169521594,924.855896
0.004521393217,925.0973511
0.0007335057599,925.3388062
0.004221632145,925.5802612
-0.006542508025,925.8217773
-0.001719083171,926.0632935
-0.003408644581,926.3047485
0.0003792429343,926.5462646
0.007219241001,926.7877808
0.001333027496,927.0292969
0.01198816393,927.270813
-0.004880197812,927.5123291
-0.006978523917,927.7538452
0.008690793999,927.9953613
0.0008697606972,928.2369385
-0.006433504168,928.4784546
-0.005615974311,928.7200317
0.01166115236,928.9616089
-0.00493469974,929.203125
0.005938444752,929.4447021
0.002831831807,929.6862793
-0.00795955956,929.9278564
-0.00458043674,930.1694336
0.003376851557,930.4110718
0.009126810357,930.6526489
-0.00335414242,930.8942261
-0.006842269097,931.1358643
0.00193254929,931.3774414
0.007709758822,931.6190796
0.005420675967,931.8607178
0.01144314464,932.102356
-0.002645616885,932.3439941
-0.005179958884,932.5856323
0.009671829641,932.8272705
0.007900515571,933.0689087
-0.005997488275,933.3105469
-0.006133743096,933.5522461
-2.952190334E-05,933.7938843
-0.009104100987,934.0355835
-0.00155557727,934.2772827
-0.00795955956,934.5189209
-0.009649121203,934.7606201
0.0001339840237,935.0023193
0.004739400931,935.2440186
0.005720436573,935.4857178
0.007600754965,935.727417
0.002177808201,935.9691772
0.006319958251,936.2108765
0.007001233287,936.4526367
0.001060517621,936.6943359
-0.005397966597,936.9360962
0.001959800255,937.1777954
-0.005070954561,937.4195557
0.004875656217,937.6613159
0.0002429879823,937.9030762
0.008745295927,938.1448364
-0.003381393384,938.3865967
-0.006433504168,938.628418
-0.007741551846,938.8701782
0.009126810357,939.1119995
-0.004498683847,939.3537598
0.003322349628,939.5955811
-0.00425342517,939.8373413
0.000842509733,940.0791626
-0.0007925495738,940.3209839
-0.00346314651,940.5628052
0.003458604682,940.8046265
-0.005234460812,941.0464478
-0.00776880281,941.288269
-0.003299640492,941.5301514
-0.0004927887348,941.7719727
-0.002236851957,942.013855
0.003513106611,942.2556763
0.00272282795,942.4975586
-0.003626652295,942.7394409
-0.0005745416856,942.9812622
0.000842509733,943.2231445
-0.005043703597,943.4650269
-0.00256386376,943.7069092
0.01209716778,943.9488525
0.001578286407,944.1907349
-0.0006835456006,944.4326172
0.003949122503,944.6745605
0.001169521594,944.9164429
-0.0114749372,945.1583862
0.004575895146,945.4003296
-0.008559081703,945.6422119
-0.0005745416856,945.8841553
-0.004171672277,946.1260986
-0.005561472382,946.368042
0.005393425003,946.6099854
-0.005861233454,946.8519897
-0.003762907349,947.0939331
0.003567608539,947.3358765
0.002395816147,947.5778809
-0.007578045595,947.8198242
0.004276134074,948.0618286
0.004221632145,948.303833
0.004902907182,948.5457764
-2.270915729E-06,948.7877808
0.0002429879823,949.0297852
0.0005699998583,949.2717896
0.005720436573,949.513855
-0.001419322332,949.7558594
0.004085377324,949.9978638
0.0001884860103,950.2398682
-0.01174744684,950.4819336
-0.007523543667,950.723999
0.002068804111,950.9660034
0.01283294428,951.2080688
-0.003490397474,951.4501343
-0.0004927887348,951.6921997
0.00193254929,951.9342651
0.00114227063,952.1763306
0.002423067112,952.418396
-0.005752229597,952.6604614
0.003649361432,952.9025269
0.001305776532,953.1446533
-0.001855338109,953.3867188
0.001796294353,953.6288452
0.01106163021,953.8709717
0.002504820004,954.1130371
-0.001119561493,954.3551636
0.008173025213,954.59729
0.002940835897,954.8394165
-0.003108883509,955.081543
-0.004498683847,955.3236694
-0.001664581243,955.5658569
0.002014302183,955.8079834
0.002314063022,956.0501099
0.001387529541,956.2922974
0.005584181752,956.5344238
-0.004362429027,956.7766113
-0.002672867849,957.0187988
0.007246491965,957.2609863
-0.00291812676,957.5031128
-0.003190636635,957.7453003
0.006101950537,957.9874878
0.001087768585,958.2297363
-0.006651511882,958.4719238
0.002995337825,958.7141113
0.003213345772,958.9563599
0.002259561094,959.1985474
0.003485855646,959.4407959
-0.009294858202,959.6829834
-0.003408644581,959.9252319
0.00424888311,960.1674805
-0.00101055752,960.409729
-0.004035416991,960.6519775
-0.005425217561,960.8942261
0.001878047246,961.1364746
-0.006269998383,961.3787231
-0.00155557727,961.6209717
-0.001119561493,961.8632813
-0.0008198005962,962.1055298
0.001605537371,962.3478394
0.004793902859,962.5900879
-0.001201314386,962.8323975
-0.002700118814,963.074707
-0.005942986347,963.3170166
-0.005670476705,963.5592651
-0.01071190927,963.8015747
0.01073461864,964.0439453
0.005693185609,964.2862549
-0.0001385258511,964.5285645
-0.001773585216,964.770874
-0.003299640492,965.0132446
0.0001067330377,965.2555542
0.01068011671,965.4979248
-0.006106492132,965.7402344
-0.006760516204,965.982605
0.010462109,966.2249756
0.001959800255,966.4673462
0.00424888311,966.7097168
-0.00101055752,966.9520874
0.005611432716,967.194458
-0.0003020317818,967.4368286
-0.0009288045112,967.6792603
0.003976373468,967.9216309
-0.003108883509,968.1640015
0.0002974899544,968.4064331
0.003104341682,968.6488037
0.005011911038,968.8912354
0.004848405253,969.133667
0.008609041572,969.3760986
0.009181312285,969.6185303
0.002995337825,969.8609619
-0.009894379415,970.1033936
0.001987051219,970.3458252
0.003513106611,970.5882568
0.01370497607,970.8306885
-0.005806731526,971.0731812
0.002913584933,971.3156128
-0.001092310413,971.5581055
0.009263064712,971.8005371
-0.007223783061,972.0430298
-0.002182350028,972.2855225
0.0005972508225,972.5280151
-0.001773585216,972.7705078
0.002041553147,973.0130005
-0.002155099064,973.2554932
0.007437248714,973.4979858
-0.005534221418,973.7404785
-0.005506970454,973.9829712
0.002368565183,974.2255249
0.003921871539,974.4680176
0.008718045428,974.7105713
-0.0004382867191,974.953064
0.01444075257,975.1956177
-0.002836373635,975.4381714
0.006483464502,975.6807251
-0.00793230813,975.9232788
-0.002046094975,976.1658325
0.0007880077465,976.4083862
-0.007332786918,976.6509399
0.01073461864,976.8934937
-0.001528326306,977.1361084
-0.006079241168,977.3786621
0.01065286528,977.6212158
0.01367772557,977.8638306
-0.0003020317818,978.1064453
0.005856691394,978.348999
0.0006245018449,978.5916138
-0.001909840154,978.8342285
-0.002182350028,979.0768433
0.001741792308,979.319458
0.0008697606972,979.5620728
0.0005972508225,979.8046875
-0.00493469974,980.0473022
-0.009104100987,980.289917
0.004112628289,980.5325928
-0.004743942991,980.7752075
0.001959800255,981.0178833
-0.0009288045112,981.260498
-0.008150316775,981.5031738
0.004575895146,981.7458496
0.001006015693,981.9885254
-0.0007652986096,982.2311401
-0.001610079198,982.4738159
0.002913584933,982.7164917
0.002205059165,982.9592285
-0.003081632545,983.2019043
0.01005334407,983.4445801
0.007137488108,983.6872559
0.006374460179,983.9299927
0.005229918752,984.1726685
-0.008422826417,984.4154053
-0.007278284989,984.6580811
-0.003517648438,984.9008179
-0.007005774882,985.1435547
0.01474051364,985.3862915
-0.00335414242,985.6290283
7.948205166E-05,985.8717651
0.01722035371,986.114502
0.004766651895,986.3572388
-0.0008743025246,986.5999756
-0.0008470515604,986.8427124
0.007600754965,987.0855103
-0.003926413134,987.3282471
0.005720436573,987.5710449
-0.002672867849,987.8137817
0.006592468359,988.0565796
0.0004882468784,988.2993774
-0.004008166026,988.5421753
0.009263064712,988.7849121
-0.005179958884,989.02771
-0.01188370213,989.2705078
0.002586572897,989.5133057
-0.00280912267,989.7561646
-0.0004382867191,989.9989624
-0.004798444919,990.2417603
0.002968086861,990.4846191
-0.002509361831,990.727417
0.006210954394,990.9702759
-0.004743942991,991.2130737
0.006592468359,991.4559326
-0.006651511882,991.6987915
0.0004337448918,991.9415894
-0.001528326306,992.1844482
0.000161235017,992.4273071
0.001769043389,992.670166
-0.009104100987,992.9130249
-0.00760529656,993.1558838
-0.0140092792,993.3988037
0.002831831807,993.6416626
-0.005506970454,993.8845215
0.01059836335,994.1274414
-0.004716692027,994.3703003
-0.006651511882,994.6132202
-0.0003020317818,994.8561401
0.003131592646,995.098999
-0.000411035755,995.3419189
0.01092537586,995.5848389
-0.005098205525,995.8277588
0.003867369378,996.0706787
-0.006460755132,996.3135986
0.01250593271,996.5565186
0.006864978001,996.7994385
0.0123151755,997.0424194
0.0003792429343,997.2853394
0.006973982323,997.5283203
0.003376851557,997.7712402
0.0032678477,998.0142212
0.0006517528091,998.2571411
0.0001884860103,998.5001221
0.003404102521,998.743103
0.004902907182,998.986084
-0.01079366263,999.2290649
-0.0008743025246,999.4719849
0.004575895146,999.7150269
0.001196772559,999.9580078
-0.005970237311,1000.200989
0.00653796643,1000.44397
-0.001446573297,1000.686951
0.004766651895,1000.929993
-0.006978523917,1001.172974
0.001741792308,1001.416016
0.008064021356,1001.658997
0.006101950537,1001.902039
-0.007441790774,1002.145081
0.01133413985,1002.388123
-0.005506970454,1002.631165
-0.0007652986096,1002.874207
0.0008152587106,1003.117249
-0.001691832207,1003.360291
0.000215736989,1003.603333
-0.003572150366,1003.846375
-0.002345855813,1004.089417
0.005584181752,1004.33252
0.001033266657,1004.575562
-0.0003020317818,1004.818665
-0.005670476705,1005.061707
-0.001255816431,1005.30481
0.003567608539,1005.547852
-0.006351751275,1005.790955
0.003867369378,1006.034058
-0.001501075225,1006.277161
0.003376851557,1006.520264
0.0005427488359,1006.763367
0.001605537371,1007.00647
-0.005888484418,1007.249573
-0.00458043674,1007.492676
-0.006542508025,1007.73584
0.006265456323,1007.978943
0.003376851557,1008.222107
0.0008152587106,1008.46521
0.002968086861,1008.708374
0.00136027846,1008.951477
-0.001283067395,1009.194641
0.002150557237,1009.437805
-0.0107664112,1009.680969
0.004030875396,1009.924072
-0.009022347629,1010.167236
0.003785616485,1010.4104
-0.003027130617,1010.653564
-0.003027130617,1010.89679
0.006374460179,1011.139954
0.004739400931,1011.383118
0.001060517621,1011.626343
-0.006896771025,1011.869507
0.007818763144,1012.112671
0.007164739072,1012.355896
0.01029860228,1012.599121
0.003186094807,1012.842285
-0.004307927098,1013.08551
0.002041553147,1013.328735
-0.001664581243,1013.57196
-0.004798444919,1013.815186
-0.001146812458,1014.058411
0.007709758822,1014.301636
-0.00201884401,1014.544861
-0.004662190098,1014.788086
0.00441238936,1015.031311
-0.003790158313,1015.274597
-0.0001112748723,1015.517822
-0.001119561493,1015.761047
-0.0007652986096,1016.004333
0.001741792308,1016.24762
0.0032678477,1016.490845
0.01152489707,1016.734131
-0.005997488275,1016.977417
0.0032678477,1017.220642
0.0008970117196,1017.463928
0.03992042691,1017.707214
-0.002509361831,1017.9505
0.002750078915,1018.193787
0.005257169716,1018.437134
-0.00673326524,1018.68042
-0.001637330279,1018.923706
-0.001855338109,1019.166992
0.002613823861,1019.410339
0.001632788335,1019.653625
-0.01188370213,1019.896973
0.004712149967,1020.140259
-0.001364820288,1020.383606
-0.006106492132,1020.626953
-0.003626652295,1020.8703
0.002831831807,1021.113586
0.007737009786,1021.356934
-0.00866808556,1021.600281
0.001523784478,1021.843628
-0.0006562946364,1022.086975
-0.01133868191,1022.330383
-2.952190334E-05,1022.57373
0.006592468359,1022.817078
-0.0004382867191,1023.060425
0.001769043389,1023.303833
0.007328244857,1023.54718
-0.007850555703,1023.790588
-0.006024739239,1024.033936
-0.0114749372,1024.277344
-0.01308274549,1024.520752
-0.0333847329,1024.76416
-0.0333847329,1025.007568
-0.03398425505,1025.250977
-0.03286696225,1025.494385
-0.03292146325,1025.737793
-0.03362999111,1025.981201
